comment_num,topic0,topic1,topic2,topic3,topic4,topic5,topic6,topic7
1,5.56E-02,6.11E-01,5.56E-02,5.56E-02,5.56E-02,5.56E-02,5.56E-02,5.56E-02
2,2.23E-01,3.14E-03,3.14E-03,3.14E-03,9.75E-02,3.46E-02,5.69E-01,6.60E-02
3,2.89E-01,2.63E-02,2.63E-02,2.63E-02,2.63E-02,2.63E-02,2.63E-02,5.53E-01
4,1.02E-02,1.02E-02,3.16E-01,3.16E-01,1.02E-02,1.02E-02,1.12E-01,2.14E-01
5,4.39E-03,4.39E-03,4.39E-03,6.62E-01,4.39E-03,3.11E-01,4.39E-03,4.39E-03
6,3.57E-02,3.57E-02,3.57E-02,3.57E-02,3.57E-02,3.93E-01,3.57E-02,3.93E-01
7,3.88E-03,3.88E-03,8.14E-02,3.88E-03,1.98E-01,3.88E-03,2.75E-01,4.30E-01
8,2.08E-02,2.29E-01,2.08E-02,2.08E-02,2.08E-02,6.46E-01,2.08E-02,2.08E-02
9,5.95E-03,5.95E-03,7.20E-01,5.95E-03,5.95E-03,5.95E-03,5.95E-03,2.44E-01
10,1.08E-01,3.47E-03,3.47E-03,4.20E-01,3.82E-02,1.08E-01,1.08E-01,2.12E-01
11,2.63E-02,2.63E-02,2.63E-02,2.63E-02,2.63E-02,2.89E-01,2.63E-02,5.53E-01
12,3.57E-02,3.93E-01,3.57E-02,3.57E-02,3.57E-02,3.57E-02,3.57E-02,3.93E-01
13,1.72E-02,1.72E-02,1.72E-02,1.90E-01,1.72E-02,1.72E-02,7.07E-01,1.72E-02
14,2.63E-02,2.63E-02,2.89E-01,2.63E-02,5.53E-01,2.63E-02,2.63E-02,2.63E-02
15,5.56E-02,5.56E-02,5.56E-02,5.56E-02,5.56E-02,5.56E-02,5.56E-02,6.11E-01
16,3.25E-03,3.25E-03,2.95E-01,3.57E-02,3.25E-03,4.90E-01,1.66E-01,3.25E-03
17,6.76E-03,6.76E-03,2.77E-01,6.76E-03,6.76E-03,2.09E-01,4.12E-01,7.43E-02
18,1.47E-02,1.47E-02,1.47E-02,1.62E-01,1.47E-02,7.50E-01,1.47E-02,1.47E-02
19,2.63E-02,2.63E-02,2.63E-02,2.63E-02,8.16E-01,2.63E-02,2.63E-02,2.63E-02
20,2.08E-02,2.08E-02,2.08E-02,2.08E-02,2.08E-02,2.08E-02,8.54E-01,2.08E-02
21,2.63E-02,2.89E-01,2.63E-02,2.63E-02,2.63E-02,5.53E-01,2.63E-02,2.63E-02
22,8.16E-01,2.63E-02,2.63E-02,2.63E-02,2.63E-02,2.63E-02,2.63E-02,2.63E-02
23,2.63E-02,2.63E-02,2.63E-02,2.63E-02,2.63E-02,2.63E-02,8.16E-01,2.63E-02
24,2.08E-02,4.37E-01,2.08E-02,2.08E-02,2.08E-02,2.08E-02,2.29E-01,2.29E-01
25,1.62E-01,1.47E-02,1.47E-02,1.47E-02,1.47E-02,1.62E-01,4.56E-01,1.62E-01
26,3.73E-03,3.02E-01,4.14E-01,3.73E-03,2.65E-01,3.73E-03,3.73E-03,3.73E-03
27,1.47E-02,1.47E-02,1.47E-02,1.47E-02,1.47E-02,7.50E-01,1.62E-01,1.47E-02
28,1.47E-02,1.47E-02,1.47E-02,1.62E-01,1.47E-02,4.56E-01,3.09E-01,1.47E-02
29,5.56E-02,5.56E-02,6.11E-01,5.56E-02,5.56E-02,5.56E-02,5.56E-02,5.56E-02
30,3.57E-02,3.57E-02,3.57E-02,3.57E-02,3.57E-02,7.50E-01,3.57E-02,3.57E-02
31,3.73E-03,3.73E-03,4.89E-01,1.16E-01,4.10E-02,2.28E-01,1.16E-01,3.73E-03
32,1.72E-02,1.72E-02,1.72E-02,1.72E-02,1.72E-02,1.72E-02,1.72E-02,8.79E-01
33,2.89E-01,2.63E-02,2.63E-02,2.63E-02,2.63E-02,2.63E-02,2.63E-02,5.53E-01
34,3.57E-02,3.57E-02,3.57E-02,3.57E-02,3.57E-02,3.57E-02,3.57E-02,7.50E-01
35,2.63E-02,2.63E-02,2.63E-02,2.63E-02,2.63E-02,2.63E-02,8.16E-01,2.63E-02
36,5.62E-03,1.74E-01,6.18E-02,2.30E-01,5.62E-03,6.18E-02,6.18E-02,3.99E-01
37,5.56E-02,6.11E-01,5.56E-02,5.56E-02,5.56E-02,5.56E-02,5.56E-02,5.56E-02
38,5.56E-02,5.56E-02,5.56E-02,5.56E-02,5.56E-02,5.56E-02,6.11E-01,5.56E-02
39,1.47E-02,1.47E-02,4.56E-01,1.47E-02,1.47E-02,1.47E-02,4.56E-01,1.47E-02
40,2.08E-02,4.37E-01,2.08E-02,2.08E-02,2.08E-02,4.37E-01,2.08E-02,2.08E-02
41,2.08E-02,2.08E-02,2.08E-02,2.08E-02,2.29E-01,6.46E-01,2.08E-02,2.08E-02
42,1.28E-02,1.28E-02,7.82E-01,1.28E-02,1.28E-02,1.28E-02,1.41E-01,1.28E-02
43,1.25E-01,5.95E-03,1.85E-01,5.95E-03,5.95E-03,6.01E-01,6.55E-02,5.95E-03
44,5.56E-02,6.11E-01,5.56E-02,5.56E-02,5.56E-02,5.56E-02,5.56E-02,5.56E-02
45,3.57E-02,3.57E-02,3.57E-02,3.57E-02,3.57E-02,3.57E-02,7.50E-01,3.57E-02
46,2.63E-02,2.63E-02,8.16E-01,2.63E-02,2.63E-02,2.63E-02,2.63E-02,2.63E-02
47,2.63E-02,2.63E-02,2.63E-02,2.63E-02,2.63E-02,5.53E-01,2.89E-01,2.63E-02
48,2.08E-02,2.08E-02,2.08E-02,2.08E-02,2.08E-02,8.54E-01,2.08E-02,2.08E-02
49,3.57E-02,3.93E-01,3.57E-02,3.57E-02,3.57E-02,3.93E-01,3.57E-02,3.57E-02
50,1.47E-02,1.47E-02,1.47E-02,1.47E-02,1.47E-02,1.62E-01,7.50E-01,1.47E-02
51,1.47E-02,4.56E-01,1.47E-02,1.47E-02,1.47E-02,4.56E-01,1.47E-02,1.47E-02
52,2.63E-02,2.63E-02,2.63E-02,8.16E-01,2.63E-02,2.63E-02,2.63E-02,2.63E-02
53,5.56E-02,5.56E-02,5.56E-02,5.56E-02,5.56E-02,6.11E-01,5.56E-02,5.56E-02
54,7.81E-03,7.81E-03,7.81E-03,7.81E-03,5.55E-01,7.81E-03,3.98E-01,7.81E-03
55,2.65E-03,2.41E-01,2.65E-03,2.65E-03,1.61E-01,2.65E-03,5.85E-01,2.65E-03
56,2.96E-03,9.17E-02,2.96E-03,6.54E-01,2.40E-01,2.96E-03,2.96E-03,2.96E-03
57,1.77E-01,3.47E-03,3.47E-03,7.29E-02,3.51E-01,3.47E-03,3.47E-03,3.85E-01
58,3.57E-02,3.57E-02,3.57E-02,3.93E-01,3.57E-02,3.57E-02,3.93E-01,3.57E-02
59,4.59E-03,3.26E-01,5.55E-01,9.63E-02,4.59E-03,4.59E-03,4.59E-03,4.59E-03
60,1.28E-02,1.28E-02,6.54E-01,1.41E-01,1.28E-02,1.28E-02,1.41E-01,1.28E-02
61,2.63E-02,2.63E-02,2.63E-02,8.16E-01,2.63E-02,2.63E-02,2.63E-02,2.63E-02
62,2.63E-02,2.63E-02,8.16E-01,2.63E-02,2.63E-02,2.63E-02,2.63E-02,2.63E-02
63,5.56E-02,5.56E-02,5.56E-02,5.56E-02,5.56E-02,5.56E-02,6.11E-01,5.56E-02
64,3.73E-03,1.90E-01,1.53E-01,3.73E-03,2.28E-01,3.73E-03,3.73E-03,4.14E-01
65,3.88E-03,3.88E-03,3.88E-03,3.88E-03,4.30E-01,3.88E-03,5.47E-01,3.88E-03
66,3.93E-01,3.93E-01,3.57E-02,3.57E-02,3.57E-02,3.57E-02,3.57E-02,3.57E-02
67,2.08E-02,2.08E-02,2.08E-02,2.08E-02,2.08E-02,8.54E-01,2.08E-02,2.08E-02
68,2.63E-02,2.63E-02,2.63E-02,2.63E-02,2.63E-02,2.89E-01,5.53E-01,2.63E-02
69,2.55E-01,6.60E-02,2.55E-01,3.14E-03,9.75E-02,3.18E-01,3.14E-03,3.14E-03
70,2.63E-02,2.63E-02,2.63E-02,2.63E-02,2.63E-02,8.16E-01,2.63E-02,2.63E-02
71,3.57E-02,3.57E-02,3.57E-02,3.57E-02,3.57E-02,3.57E-02,3.57E-02,7.50E-01
72,4.81E-03,4.81E-03,4.81E-03,4.38E-01,4.81E-03,4.81E-03,1.97E-01,3.41E-01
73,7.74E-01,4.81E-03,4.81E-03,4.81E-03,4.81E-03,4.81E-03,1.97E-01,4.81E-03
74,3.41E-01,4.81E-03,4.81E-03,5.29E-02,1.97E-01,5.29E-02,3.41E-01,4.81E-03
75,1.54E-03,5.88E-01,1.54E-03,3.24E-02,2.48E-01,1.54E-03,3.24E-02,9.41E-02
76,8.27E-01,1.02E-02,1.02E-02,1.02E-02,1.02E-02,1.02E-02,1.02E-02,1.12E-01
77,1.28E-02,1.28E-02,6.54E-01,1.28E-02,1.28E-02,1.41E-01,1.41E-01,1.28E-02
78,3.57E-02,3.57E-02,3.57E-02,3.57E-02,3.57E-02,3.57E-02,7.50E-01,3.57E-02
79,8.47E-03,8.47E-03,8.47E-03,6.86E-01,8.47E-03,1.78E-01,8.47E-03,9.32E-02
80,3.24E-01,5.32E-03,5.32E-03,5.32E-03,5.32E-03,2.18E-01,2.71E-01,1.65E-01
81,5.56E-02,5.56E-02,5.56E-02,5.56E-02,5.56E-02,6.11E-01,5.56E-02,5.56E-02
82,1.25E-01,1.25E-01,1.25E-01,1.25E-01,1.25E-01,1.25E-01,1.25E-01,1.25E-01
83,1.72E-02,3.62E-01,1.72E-02,3.62E-01,1.72E-02,1.90E-01,1.72E-02,1.72E-02
84,1.94E-01,1.94E-01,5.65E-01,9.26E-03,9.26E-03,9.26E-03,9.26E-03,9.26E-03
85,5.92E-01,2.56E-01,1.30E-01,4.20E-03,4.20E-03,4.20E-03,4.20E-03,4.20E-03
86,1.47E-02,1.47E-02,1.62E-01,1.47E-02,7.50E-01,1.47E-02,1.47E-02,1.47E-02
87,2.63E-02,2.63E-02,5.53E-01,2.63E-02,2.89E-01,2.63E-02,2.63E-02,2.63E-02
88,1.72E-02,1.72E-02,3.62E-01,1.72E-02,1.90E-01,1.72E-02,1.72E-02,3.62E-01
89,1.41E-01,1.28E-02,1.28E-02,1.41E-01,1.28E-02,2.69E-01,2.69E-01,1.41E-01
90,1.28E-02,1.28E-02,2.69E-01,1.28E-02,1.28E-02,1.28E-02,3.97E-01,2.69E-01
91,6.33E-03,6.33E-03,3.23E-01,6.33E-03,1.96E-01,3.86E-01,6.33E-03,6.96E-02
92,2.08E-02,2.08E-02,2.08E-02,2.08E-02,2.29E-01,2.08E-02,2.08E-02,6.46E-01
93,2.08E-02,4.37E-01,2.08E-02,4.37E-01,2.08E-02,2.08E-02,2.08E-02,2.08E-02
94,2.08E-02,2.08E-02,2.08E-02,2.08E-02,8.54E-01,2.08E-02,2.08E-02,2.08E-02
95,3.57E-02,3.57E-02,7.50E-01,3.57E-02,3.57E-02,3.57E-02,3.57E-02,3.57E-02
96,7.25E-03,7.25E-03,7.25E-03,5.87E-01,7.97E-02,7.97E-02,2.25E-01,7.25E-03
97,3.53E-01,3.88E-03,3.88E-03,6.24E-01,3.88E-03,3.88E-03,3.88E-03,3.88E-03
98,1.02E-02,5.20E-01,1.02E-02,2.14E-01,1.02E-02,1.02E-02,1.02E-02,2.14E-01
99,2.63E-02,2.63E-02,2.63E-02,2.63E-02,2.63E-02,2.63E-02,2.89E-01,5.53E-01
100,3.47E-03,5.59E-01,3.82E-02,3.47E-03,3.47E-03,2.47E-01,1.42E-01,3.47E-03
101,6.11E-01,5.56E-02,5.56E-02,5.56E-02,5.56E-02,5.56E-02,5.56E-02,5.56E-02
102,2.08E-02,2.08E-02,2.08E-02,4.37E-01,2.08E-02,2.08E-02,2.29E-01,2.29E-01
103,1.85E-01,5.95E-03,5.95E-03,5.95E-03,2.44E-01,5.95E-03,5.95E-03,5.42E-01
104,5.47E-01,1.20E-01,3.88E-03,3.88E-03,3.88E-03,3.14E-01,3.88E-03,3.88E-03
105,5.20E-01,1.12E-01,3.16E-01,1.02E-02,1.02E-02,1.02E-02,1.02E-02,1.02E-02
106,1.28E-02,1.41E-01,1.28E-02,1.28E-02,1.28E-02,6.54E-01,1.41E-01,1.28E-02
107,8.42E-02,2.72E-03,3.83E-01,2.99E-02,2.72E-03,2.72E-03,2.20E-01,2.74E-01
108,2.08E-02,2.08E-02,2.08E-02,2.08E-02,4.37E-01,2.08E-02,2.08E-02,4.37E-01
109,4.43E-01,4.39E-03,4.82E-02,4.39E-03,4.39E-03,4.82E-02,1.80E-01,2.68E-01
110,2.63E-02,2.63E-02,2.63E-02,2.63E-02,2.63E-02,2.63E-02,2.89E-01,5.53E-01
111,3.57E-02,3.57E-02,3.57E-02,3.57E-02,3.93E-01,3.57E-02,3.93E-01,3.57E-02
112,7.81E-03,7.81E-03,7.81E-03,2.42E-01,7.81E-03,7.81E-03,5.55E-01,1.64E-01
113,1.41E-01,1.41E-01,1.28E-02,1.28E-02,1.28E-02,6.54E-01,1.28E-02,1.28E-02
114,4.81E-03,4.81E-03,5.29E-02,4.81E-03,1.49E-01,5.29E-02,1.49E-01,5.82E-01
115,1.72E-02,1.72E-02,8.79E-01,1.72E-02,1.72E-02,1.72E-02,1.72E-02,1.72E-02
116,3.36E-03,3.69E-02,3.36E-03,1.04E-01,1.04E-01,1.71E-01,5.74E-01,3.36E-03
117,2.18E-03,3.73E-01,3.30E-01,2.18E-03,2.18E-03,2.21E-01,2.18E-03,6.77E-02
118,8.47E-03,8.47E-03,8.47E-03,8.47E-03,8.47E-03,9.41E-01,8.47E-03,8.47E-03
119,4.39E-03,1.36E-01,2.24E-01,4.39E-03,4.39E-03,5.75E-01,4.39E-03,4.82E-02
120,2.42E-01,7.81E-03,3.20E-01,1.64E-01,7.81E-03,7.81E-03,7.81E-03,2.42E-01
121,3.24E-01,1.65E-01,5.32E-03,5.32E-03,5.85E-02,5.32E-03,2.18E-01,2.18E-01
122,1.25E-01,1.25E-01,1.25E-01,1.25E-01,1.25E-01,1.25E-01,1.25E-01,1.25E-01
123,1.28E-02,1.28E-02,1.41E-01,1.28E-02,1.28E-02,1.28E-02,7.82E-01,1.28E-02
124,9.26E-03,9.26E-03,9.26E-03,1.94E-01,1.94E-01,5.65E-01,9.26E-03,9.26E-03
125,3.37E-01,6.49E-02,1.28E-01,2.09E-03,2.74E-01,1.49E-01,4.39E-02,2.09E-03
126,4.68E-01,5.15E-02,2.97E-01,1.25E-01,2.70E-02,2.70E-02,2.45E-03,2.45E-03
127,2.39E-01,1.14E-02,5.80E-01,1.14E-02,1.14E-02,1.25E-01,1.14E-02,1.14E-02
128,7.81E-03,7.81E-03,4.77E-01,7.81E-03,7.81E-03,3.20E-01,8.59E-02,8.59E-02
129,5.53E-01,2.63E-02,2.63E-02,2.63E-02,2.63E-02,2.63E-02,2.89E-01,2.63E-02
130,1.72E-02,1.72E-02,1.72E-02,1.72E-02,1.72E-02,8.79E-01,1.72E-02,1.72E-02
131,5.56E-02,5.56E-02,5.56E-02,5.56E-02,5.56E-02,5.56E-02,5.56E-02,6.11E-01
132,1.72E-02,3.62E-01,1.72E-02,1.72E-02,1.72E-02,3.62E-01,1.90E-01,1.72E-02
133,2.63E-02,2.63E-02,2.63E-02,2.89E-01,2.63E-02,5.53E-01,2.63E-02,2.63E-02
134,3.57E-02,3.57E-02,3.57E-02,3.57E-02,7.50E-01,3.57E-02,3.57E-02,3.57E-02
135,4.81E-03,4.81E-03,4.81E-03,4.81E-03,4.81E-03,4.38E-01,4.81E-03,5.34E-01
136,1.02E-02,1.02E-02,1.02E-02,2.14E-01,1.02E-02,1.02E-02,7.24E-01,1.02E-02
137,3.47E-03,3.47E-03,3.82E-02,2.81E-01,7.29E-02,5.94E-01,3.47E-03,3.47E-03
138,5.56E-02,5.56E-02,5.56E-02,5.56E-02,6.11E-01,5.56E-02,5.56E-02,5.56E-02
139,2.08E-02,2.08E-02,2.08E-02,2.08E-02,4.37E-01,4.37E-01,2.08E-02,2.08E-02
140,3.57E-02,3.57E-02,3.57E-02,3.57E-02,3.57E-02,7.50E-01,3.57E-02,3.57E-02
141,1.47E-02,1.47E-02,1.62E-01,4.56E-01,3.09E-01,1.47E-02,1.47E-02,1.47E-02
142,4.82E-02,1.36E-01,4.39E-03,4.39E-03,4.39E-03,7.94E-01,4.39E-03,4.39E-03
143,1.41E-01,1.28E-02,1.28E-02,3.97E-01,2.69E-01,1.41E-01,1.28E-02,1.28E-02
144,1.02E-02,1.02E-02,1.02E-02,1.02E-02,7.24E-01,2.14E-01,1.02E-02,1.02E-02
145,6.76E-03,6.76E-03,6.76E-03,6.76E-03,8.85E-01,6.76E-03,6.76E-03,7.43E-02
146,4.39E-03,4.82E-02,4.39E-03,4.39E-03,3.11E-01,3.11E-01,4.39E-03,3.11E-01
147,3.57E-02,3.57E-02,3.57E-02,3.57E-02,3.57E-02,7.50E-01,3.57E-02,3.57E-02
148,2.63E-02,2.63E-02,2.63E-02,8.16E-01,2.63E-02,2.63E-02,2.63E-02,2.63E-02
149,3.57E-02,3.57E-02,3.57E-02,3.57E-02,3.57E-02,7.50E-01,3.57E-02,3.57E-02
150,3.57E-02,3.57E-02,3.57E-02,3.57E-02,3.57E-02,7.50E-01,3.57E-02,3.57E-02
151,3.57E-02,3.57E-02,3.57E-02,3.57E-02,3.57E-02,7.50E-01,3.57E-02,3.57E-02
152,1.47E-02,1.47E-02,1.47E-02,1.62E-01,1.47E-02,1.47E-02,7.50E-01,1.47E-02
153,2.63E-02,2.63E-02,2.63E-02,2.63E-02,2.63E-02,2.89E-01,5.53E-01,2.63E-02
154,2.63E-02,2.63E-02,2.63E-02,2.63E-02,2.63E-02,2.63E-02,8.16E-01,2.63E-02
155,2.63E-02,2.63E-02,2.63E-02,2.63E-02,2.63E-02,2.63E-02,2.89E-01,5.53E-01
156,5.56E-02,5.56E-02,5.56E-02,5.56E-02,5.56E-02,5.56E-02,5.56E-02,6.11E-01
157,2.63E-02,2.63E-02,2.63E-02,2.63E-02,2.89E-01,5.53E-01,2.63E-02,2.63E-02
158,1.72E-02,1.72E-02,1.72E-02,1.72E-02,1.72E-02,7.07E-01,1.90E-01,1.72E-02
159,2.08E-02,2.08E-02,2.08E-02,2.08E-02,2.08E-02,8.54E-01,2.08E-02,2.08E-02
160,1.28E-02,1.28E-02,1.28E-02,7.82E-01,1.28E-02,1.28E-02,1.28E-02,1.41E-01
161,1.28E-02,1.28E-02,1.28E-02,1.28E-02,3.97E-01,1.28E-02,2.69E-01,2.69E-01
162,1.62E-01,6.03E-01,1.47E-02,1.47E-02,1.47E-02,1.62E-01,1.47E-02,1.47E-02
163,3.57E-02,3.57E-02,3.57E-02,3.57E-02,7.50E-01,3.57E-02,3.57E-02,3.57E-02
164,6.76E-03,6.76E-03,6.15E-01,6.76E-03,6.76E-03,3.45E-01,6.76E-03,6.76E-03
165,1.72E-02,1.72E-02,1.90E-01,1.72E-02,3.62E-01,3.62E-01,1.72E-02,1.72E-02
166,2.08E-02,2.08E-02,2.08E-02,2.08E-02,2.08E-02,8.54E-01,2.08E-02,2.08E-02
167,2.63E-02,2.63E-02,2.63E-02,5.53E-01,2.63E-02,2.63E-02,2.89E-01,2.63E-02
168,5.56E-02,5.56E-02,5.56E-02,5.56E-02,5.56E-02,5.56E-02,6.11E-01,5.56E-02
169,2.08E-02,2.08E-02,2.08E-02,2.08E-02,2.08E-02,2.08E-02,8.54E-01,2.08E-02
170,1.47E-02,1.62E-01,1.47E-02,1.47E-02,1.47E-02,1.47E-02,1.62E-01,6.03E-01
171,2.08E-02,2.08E-02,2.08E-02,2.08E-02,8.54E-01,2.08E-02,2.08E-02,2.08E-02
172,2.08E-02,2.08E-02,2.08E-02,2.08E-02,2.08E-02,2.08E-02,2.08E-02,8.54E-01
173,3.47E-01,8.47E-03,3.47E-01,8.47E-03,2.63E-01,8.47E-03,8.47E-03,8.47E-03
174,2.63E-02,2.63E-02,2.63E-02,2.63E-02,2.63E-02,2.89E-01,5.53E-01,2.63E-02
175,2.08E-02,2.08E-02,2.08E-02,2.08E-02,2.08E-02,4.37E-01,4.37E-01,2.08E-02
176,2.63E-02,2.63E-02,2.63E-02,2.63E-02,2.63E-02,5.53E-01,2.63E-02,2.89E-01
177,3.57E-02,3.93E-01,3.57E-02,3.57E-02,3.57E-02,3.57E-02,3.93E-01,3.57E-02
178,5.56E-02,5.56E-02,5.56E-02,6.11E-01,5.56E-02,5.56E-02,5.56E-02,5.56E-02
179,1.28E-02,1.41E-01,1.28E-02,1.28E-02,1.28E-02,1.28E-02,6.54E-01,1.41E-01
180,1.28E-02,1.28E-02,1.28E-02,1.28E-02,2.69E-01,1.41E-01,5.26E-01,1.28E-02
181,9.26E-03,9.26E-03,9.26E-03,9.26E-03,9.26E-03,7.50E-01,9.26E-03,1.94E-01
182,2.08E-02,2.08E-02,2.08E-02,2.08E-02,2.08E-02,8.54E-01,2.08E-02,2.08E-02
183,1.72E-02,1.72E-02,1.72E-02,1.72E-02,5.34E-01,3.62E-01,1.72E-02,1.72E-02
184,2.63E-02,2.63E-02,2.63E-02,2.63E-02,2.63E-02,2.63E-02,2.63E-02,8.16E-01
185,4.18E-01,1.02E-02,1.02E-02,1.02E-02,1.12E-01,1.02E-02,1.02E-02,4.18E-01
186,5.56E-02,5.56E-02,6.11E-01,5.56E-02,5.56E-02,5.56E-02,5.56E-02,5.56E-02
187,1.02E-02,1.02E-02,1.02E-02,1.12E-01,4.18E-01,1.02E-02,4.18E-01,1.02E-02
188,1.72E-02,1.90E-01,1.72E-02,1.72E-02,1.72E-02,1.72E-02,1.72E-02,7.07E-01
189,5.56E-02,5.56E-02,5.56E-02,5.56E-02,5.56E-02,5.56E-02,5.56E-02,6.11E-01
190,1.14E-02,1.14E-02,2.39E-01,1.14E-02,1.25E-01,1.14E-02,4.66E-01,1.25E-01
191,9.26E-03,4.72E-01,1.02E-01,1.02E-01,9.26E-03,9.26E-03,9.26E-03,2.87E-01
192,2.08E-02,2.08E-02,2.08E-02,2.08E-02,4.37E-01,2.08E-02,2.08E-02,4.37E-01
193,1.47E-02,1.47E-02,6.03E-01,1.47E-02,3.09E-01,1.47E-02,1.47E-02,1.47E-02
194,1.72E-02,1.72E-02,1.72E-02,1.72E-02,1.90E-01,7.07E-01,1.72E-02,1.72E-02
195,1.02E-02,1.02E-02,1.02E-02,2.14E-01,1.02E-02,3.16E-01,1.12E-01,3.16E-01
196,6.11E-01,5.56E-02,5.56E-02,5.56E-02,5.56E-02,5.56E-02,5.56E-02,5.56E-02
197,1.25E-01,1.25E-01,1.25E-01,1.25E-01,1.25E-01,1.25E-01,1.25E-01,1.25E-01
198,3.57E-02,3.57E-02,3.57E-02,3.57E-02,3.57E-02,3.57E-02,3.57E-02,7.50E-01
199,3.57E-02,3.57E-02,3.57E-02,3.57E-02,3.57E-02,3.57E-02,7.50E-01,3.57E-02
200,3.57E-02,3.57E-02,3.57E-02,3.57E-02,3.57E-02,7.50E-01,3.57E-02,3.57E-02
201,2.63E-02,2.63E-02,2.89E-01,2.63E-02,2.89E-01,2.89E-01,2.63E-02,2.63E-02
202,2.63E-02,2.63E-02,2.63E-02,2.89E-01,2.63E-02,5.53E-01,2.63E-02,2.63E-02
203,1.72E-02,1.90E-01,1.72E-02,1.72E-02,1.72E-02,7.07E-01,1.72E-02,1.72E-02
204,2.89E-01,2.63E-02,5.53E-01,2.63E-02,2.63E-02,2.63E-02,2.63E-02,2.63E-02
205,1.72E-02,1.72E-02,1.90E-01,1.72E-02,1.72E-02,1.72E-02,7.07E-01,1.72E-02
206,9.26E-03,9.26E-03,9.26E-03,1.94E-01,9.26E-03,1.94E-01,4.72E-01,1.02E-01
207,2.08E-02,2.08E-02,2.08E-02,2.08E-02,8.54E-01,2.08E-02,2.08E-02,2.08E-02
208,4.37E-01,2.08E-02,2.08E-02,2.29E-01,2.29E-01,2.08E-02,2.08E-02,2.08E-02
209,5.56E-02,5.56E-02,5.56E-02,5.56E-02,5.56E-02,5.56E-02,5.56E-02,6.11E-01
210,2.63E-02,2.63E-02,2.63E-02,2.89E-01,2.63E-02,2.63E-02,2.63E-02,5.53E-01
211,6.33E-03,6.33E-03,6.33E-03,6.33E-03,6.33E-03,1.96E-01,6.33E-03,7.66E-01
212,2.63E-02,2.63E-02,5.53E-01,2.63E-02,2.63E-02,2.63E-02,2.89E-01,2.63E-02
213,5.56E-02,6.11E-01,5.56E-02,5.56E-02,5.56E-02,5.56E-02,5.56E-02,5.56E-02
214,2.63E-02,2.63E-02,2.63E-02,2.89E-01,2.63E-02,2.63E-02,2.63E-02,5.53E-01
215,1.14E-02,1.14E-02,4.66E-01,1.14E-02,1.14E-02,4.66E-01,1.14E-02,1.14E-02
216,5.56E-02,5.56E-02,5.56E-02,5.56E-02,5.56E-02,5.56E-02,5.56E-02,6.11E-01
217,8.59E-02,7.81E-03,7.81E-03,4.77E-01,7.81E-03,7.81E-03,7.81E-03,3.98E-01
218,6.46E-01,2.08E-02,2.08E-02,2.08E-02,2.08E-02,2.29E-01,2.08E-02,2.08E-02
219,2.89E-01,2.63E-02,2.63E-02,2.89E-01,2.63E-02,2.63E-02,2.63E-02,2.89E-01
220,1.28E-02,1.28E-02,1.28E-02,3.97E-01,5.26E-01,1.28E-02,1.28E-02,1.28E-02
221,3.57E-02,3.57E-02,7.50E-01,3.57E-02,3.57E-02,3.57E-02,3.57E-02,3.57E-02
222,2.08E-02,2.08E-02,2.08E-02,2.08E-02,2.08E-02,8.54E-01,2.08E-02,2.08E-02
223,2.63E-02,2.63E-02,8.16E-01,2.63E-02,2.63E-02,2.63E-02,2.63E-02,2.63E-02
224,1.72E-02,1.72E-02,1.72E-02,1.72E-02,1.72E-02,1.72E-02,1.72E-02,8.79E-01
225,6.76E-03,3.45E-01,6.76E-03,6.15E-01,6.76E-03,6.76E-03,6.76E-03,6.76E-03
226,7.81E-03,7.81E-03,7.81E-03,2.42E-01,7.81E-03,3.98E-01,2.42E-01,8.59E-02
227,5.56E-02,5.56E-02,5.56E-02,5.56E-02,6.11E-01,5.56E-02,5.56E-02,5.56E-02
228,2.63E-02,2.63E-02,2.63E-02,2.63E-02,2.63E-02,5.53E-01,2.63E-02,2.89E-01
229,3.05E-03,3.05E-03,3.05E-03,5.82E-01,3.99E-01,3.05E-03,3.05E-03,3.05E-03
230,3.57E-02,3.57E-02,3.57E-02,7.50E-01,3.57E-02,3.57E-02,3.57E-02,3.57E-02
231,2.08E-02,2.08E-02,2.08E-02,2.08E-02,2.08E-02,2.08E-02,8.54E-01,2.08E-02
232,1.47E-02,1.47E-02,3.09E-01,1.47E-02,1.47E-02,1.47E-02,6.03E-01,1.47E-02
233,1.90E-01,1.72E-02,1.90E-01,3.62E-01,1.72E-02,1.90E-01,1.72E-02,1.72E-02
234,7.50E-01,3.57E-02,3.57E-02,3.57E-02,3.57E-02,3.57E-02,3.57E-02,3.57E-02
235,3.57E-02,3.57E-02,3.93E-01,3.57E-02,3.93E-01,3.57E-02,3.57E-02,3.57E-02
236,5.56E-02,5.56E-02,5.56E-02,5.56E-02,5.56E-02,6.11E-01,5.56E-02,5.56E-02
237,2.08E-02,2.29E-01,2.08E-02,2.08E-02,2.08E-02,6.46E-01,2.08E-02,2.08E-02
238,2.63E-02,2.63E-02,2.63E-02,2.63E-02,2.63E-02,2.63E-02,2.63E-02,8.16E-01
239,2.63E-02,2.63E-02,2.63E-02,2.63E-02,2.63E-02,2.63E-02,2.89E-01,5.53E-01
240,3.57E-02,3.57E-02,3.57E-02,3.57E-02,3.57E-02,3.57E-02,7.50E-01,3.57E-02
241,2.63E-02,2.63E-02,2.63E-02,2.63E-02,8.16E-01,2.63E-02,2.63E-02,2.63E-02
242,3.57E-02,3.57E-02,3.57E-02,3.57E-02,3.57E-02,3.57E-02,7.50E-01,3.57E-02
243,3.57E-02,3.57E-02,3.57E-02,3.57E-02,3.57E-02,3.57E-02,7.50E-01,3.57E-02
244,1.72E-02,1.90E-01,1.72E-02,1.72E-02,5.34E-01,1.90E-01,1.72E-02,1.72E-02
245,3.93E-01,3.57E-02,3.57E-02,3.57E-02,3.93E-01,3.57E-02,3.57E-02,3.57E-02
246,3.93E-01,3.57E-02,3.57E-02,3.57E-02,3.57E-02,3.57E-02,3.57E-02,3.93E-01
247,3.57E-02,3.57E-02,3.57E-02,3.57E-02,3.57E-02,3.57E-02,7.50E-01,3.57E-02
248,2.63E-02,2.63E-02,2.63E-02,2.63E-02,2.63E-02,2.63E-02,2.63E-02,8.16E-01
249,2.63E-02,2.63E-02,2.63E-02,5.53E-01,2.89E-01,2.63E-02,2.63E-02,2.63E-02
250,5.56E-02,5.56E-02,6.11E-01,5.56E-02,5.56E-02,5.56E-02,5.56E-02,5.56E-02
251,3.57E-02,3.57E-02,3.57E-02,3.57E-02,3.57E-02,3.93E-01,3.93E-01,3.57E-02
252,5.56E-02,5.56E-02,5.56E-02,5.56E-02,5.56E-02,5.56E-02,6.11E-01,5.56E-02
253,3.97E-01,1.28E-02,1.28E-02,1.28E-02,5.26E-01,1.28E-02,1.28E-02,1.28E-02
254,2.63E-02,2.63E-02,8.16E-01,2.63E-02,2.63E-02,2.63E-02,2.63E-02,2.63E-02
255,3.57E-02,3.93E-01,3.57E-02,3.57E-02,3.57E-02,3.57E-02,3.57E-02,3.93E-01
256,2.63E-02,2.63E-02,2.63E-02,2.63E-02,8.16E-01,2.63E-02,2.63E-02,2.63E-02
257,2.63E-02,2.63E-02,2.63E-02,2.63E-02,2.63E-02,8.16E-01,2.63E-02,2.63E-02
258,4.66E-01,1.14E-02,1.14E-02,1.14E-02,1.14E-02,4.66E-01,1.14E-02,1.14E-02
259,3.57E-02,3.57E-02,3.57E-02,3.57E-02,3.57E-02,7.50E-01,3.57E-02,3.57E-02
260,2.08E-02,2.29E-01,2.08E-02,6.46E-01,2.08E-02,2.08E-02,2.08E-02,2.08E-02
261,1.28E-02,1.28E-02,1.28E-02,1.41E-01,1.28E-02,2.69E-01,5.26E-01,1.28E-02
262,5.56E-02,5.56E-02,5.56E-02,6.11E-01,5.56E-02,5.56E-02,5.56E-02,5.56E-02
263,3.45E-01,6.76E-03,6.76E-03,5.47E-01,6.76E-03,6.76E-03,7.43E-02,6.76E-03
264,8.47E-03,1.78E-01,8.47E-03,3.47E-01,8.47E-03,1.78E-01,9.32E-02,1.78E-01
265,7.25E-03,1.52E-01,2.25E-01,7.25E-03,2.25E-01,7.25E-03,7.25E-03,3.70E-01
266,2.63E-02,2.89E-01,5.53E-01,2.63E-02,2.63E-02,2.63E-02,2.63E-02,2.63E-02
267,2.63E-02,2.63E-02,2.63E-02,2.63E-02,2.63E-02,8.16E-01,2.63E-02,2.63E-02
268,1.14E-02,1.14E-02,1.14E-02,4.66E-01,1.14E-02,1.25E-01,3.52E-01,1.14E-02
269,5.56E-02,5.56E-02,5.56E-02,5.56E-02,5.56E-02,5.56E-02,5.56E-02,6.11E-01
270,2.63E-02,8.16E-01,2.63E-02,2.63E-02,2.63E-02,2.63E-02,2.63E-02,2.63E-02
271,2.08E-02,2.08E-02,2.08E-02,2.08E-02,2.08E-02,2.08E-02,8.54E-01,2.08E-02
272,1.49E-01,4.81E-03,4.38E-01,4.81E-03,3.89E-01,4.81E-03,4.81E-03,4.81E-03
273,5.56E-02,5.56E-02,5.56E-02,5.56E-02,6.11E-01,5.56E-02,5.56E-02,5.56E-02
274,3.57E-02,3.57E-02,3.93E-01,3.57E-02,3.57E-02,3.93E-01,3.57E-02,3.57E-02
275,5.56E-02,5.56E-02,5.56E-02,5.56E-02,5.56E-02,6.11E-01,5.56E-02,5.56E-02
276,8.31E-01,1.12E-01,3.60E-03,3.60E-03,3.96E-02,3.60E-03,3.60E-03,3.60E-03
277,2.63E-02,2.63E-02,2.89E-01,2.63E-02,2.63E-02,2.63E-02,2.63E-02,5.53E-01
278,5.56E-02,5.56E-02,5.56E-02,5.56E-02,5.56E-02,6.11E-01,5.56E-02,5.56E-02
279,2.80E-01,5.05E-02,6.47E-01,4.59E-03,4.59E-03,4.59E-03,4.59E-03,4.59E-03
280,2.63E-02,2.63E-02,2.63E-02,2.63E-02,2.63E-02,2.63E-02,2.63E-02,8.16E-01
281,5.56E-02,5.56E-02,5.56E-02,5.56E-02,5.56E-02,6.11E-01,5.56E-02,5.56E-02
282,1.47E-02,1.47E-02,1.47E-02,1.47E-02,1.47E-02,1.62E-01,1.47E-02,7.50E-01
283,1.72E-02,1.72E-02,1.72E-02,3.62E-01,1.72E-02,3.62E-01,1.72E-02,1.90E-01
284,2.63E-02,2.89E-01,2.63E-02,2.63E-02,2.63E-02,2.63E-02,5.53E-01,2.63E-02
285,1.72E-02,1.72E-02,1.72E-02,1.72E-02,1.72E-02,1.72E-02,8.79E-01,1.72E-02
286,2.69E-01,1.28E-02,6.54E-01,1.28E-02,1.28E-02,1.28E-02,1.28E-02,1.28E-02
287,5.56E-02,5.56E-02,5.56E-02,6.11E-01,5.56E-02,5.56E-02,5.56E-02,5.56E-02
288,3.57E-02,3.57E-02,3.57E-02,3.57E-02,3.57E-02,7.50E-01,3.57E-02,3.57E-02
289,1.02E-02,1.12E-01,1.02E-02,3.16E-01,1.02E-02,5.20E-01,1.02E-02,1.02E-02
290,2.63E-02,2.63E-02,2.63E-02,8.16E-01,2.63E-02,2.63E-02,2.63E-02,2.63E-02
291,2.08E-02,2.08E-02,2.08E-02,2.08E-02,2.08E-02,8.54E-01,2.08E-02,2.08E-02
292,3.57E-02,3.57E-02,3.57E-02,3.57E-02,7.50E-01,3.57E-02,3.57E-02,3.57E-02
293,1.28E-02,1.28E-02,9.10E-01,1.28E-02,1.28E-02,1.28E-02,1.28E-02,1.28E-02
294,2.63E-02,2.63E-02,2.63E-02,2.63E-02,2.63E-02,2.63E-02,2.63E-02,8.16E-01
295,5.53E-01,2.63E-02,2.89E-01,2.63E-02,2.63E-02,2.63E-02,2.63E-02,2.63E-02
296,1.28E-02,2.69E-01,1.28E-02,1.28E-02,1.28E-02,1.28E-02,6.54E-01,1.28E-02
297,3.43E-01,5.62E-03,5.62E-03,5.62E-03,5.62E-03,5.62E-03,6.24E-01,5.62E-03
298,2.63E-02,2.63E-02,2.63E-02,2.89E-01,2.63E-02,5.53E-01,2.63E-02,2.63E-02
299,2.08E-02,2.08E-02,2.08E-02,2.08E-02,2.08E-02,2.08E-02,2.08E-02,8.54E-01
300,2.08E-02,2.08E-02,2.08E-02,2.08E-02,2.08E-02,4.37E-01,2.08E-02,4.37E-01
301,2.08E-02,2.29E-01,2.29E-01,2.29E-01,2.08E-02,2.08E-02,2.29E-01,2.08E-02
302,2.08E-02,2.08E-02,2.08E-02,2.08E-02,6.46E-01,2.08E-02,2.08E-02,2.29E-01
303,1.47E-02,1.47E-02,1.47E-02,1.47E-02,1.47E-02,1.47E-02,8.97E-01,1.47E-02
304,5.56E-02,5.56E-02,5.56E-02,5.56E-02,5.56E-02,5.56E-02,6.11E-01,5.56E-02
305,3.09E-01,1.47E-02,1.47E-02,1.47E-02,1.47E-02,1.47E-02,6.03E-01,1.47E-02
306,2.08E-02,4.37E-01,2.08E-02,2.08E-02,2.08E-02,4.37E-01,2.08E-02,2.08E-02
307,2.63E-02,2.63E-02,2.63E-02,2.89E-01,2.63E-02,5.53E-01,2.63E-02,2.63E-02
308,2.08E-02,2.08E-02,2.08E-02,2.08E-02,8.54E-01,2.08E-02,2.08E-02,2.08E-02
309,5.56E-02,6.11E-01,5.56E-02,5.56E-02,5.56E-02,5.56E-02,5.56E-02,5.56E-02
310,5.87E-02,2.26E-01,2.79E-03,2.54E-01,3.07E-02,2.79E-03,8.66E-02,3.38E-01
311,2.25E-01,7.25E-03,2.25E-01,2.97E-01,7.25E-03,7.25E-03,7.25E-03,2.25E-01
312,1.28E-02,1.28E-02,1.41E-01,1.28E-02,3.97E-01,3.97E-01,1.28E-02,1.28E-02
313,2.08E-02,2.08E-02,2.08E-02,2.29E-01,2.08E-02,6.46E-01,2.08E-02,2.08E-02
314,1.72E-02,1.72E-02,1.72E-02,1.72E-02,1.72E-02,1.72E-02,8.79E-01,1.72E-02
315,2.69E-01,1.28E-02,1.41E-01,1.28E-02,1.28E-02,1.28E-02,1.28E-02,5.26E-01
316,7.81E-03,7.81E-03,7.81E-03,3.98E-01,7.81E-03,5.55E-01,7.81E-03,7.81E-03
317,2.63E-02,8.16E-01,2.63E-02,2.63E-02,2.63E-02,2.63E-02,2.63E-02,2.63E-02
318,2.08E-02,2.08E-02,2.08E-02,2.08E-02,2.08E-02,8.54E-01,2.08E-02,2.08E-02
319,3.57E-02,3.57E-02,3.93E-01,3.57E-02,3.57E-02,3.57E-02,3.93E-01,3.57E-02
320,1.72E-02,1.72E-02,1.72E-02,1.72E-02,1.72E-02,1.72E-02,1.90E-01,7.07E-01
321,3.38E-01,3.05E-03,2.47E-01,3.05E-03,3.05E-03,1.55E-01,2.47E-01,3.05E-03
322,1.47E-02,1.47E-02,1.47E-02,1.47E-02,1.47E-02,1.47E-02,1.47E-02,8.97E-01
323,2.63E-02,2.63E-02,8.16E-01,2.63E-02,2.63E-02,2.63E-02,2.63E-02,2.63E-02
324,3.57E-02,3.57E-02,7.50E-01,3.57E-02,3.57E-02,3.57E-02,3.57E-02,3.57E-02
325,3.62E-01,1.72E-02,1.72E-02,1.72E-02,1.72E-02,1.72E-02,5.34E-01,1.72E-02
326,2.63E-02,2.63E-02,2.63E-02,2.63E-02,2.63E-02,2.63E-02,2.63E-02,8.16E-01
327,2.63E-02,2.63E-02,2.63E-02,2.63E-02,2.63E-02,8.16E-01,2.63E-02,2.63E-02
328,1.72E-02,1.72E-02,7.07E-01,1.90E-01,1.72E-02,1.72E-02,1.72E-02,1.72E-02
329,3.57E-02,7.50E-01,3.57E-02,3.57E-02,3.57E-02,3.57E-02,3.57E-02,3.57E-02
330,1.72E-02,1.72E-02,8.79E-01,1.72E-02,1.72E-02,1.72E-02,1.72E-02,1.72E-02
331,6.76E-03,6.76E-03,4.80E-01,6.76E-03,7.43E-02,4.12E-01,6.76E-03,6.76E-03
332,6.76E-03,6.76E-03,4.12E-01,6.76E-03,6.76E-03,7.43E-02,6.76E-03,4.80E-01
333,5.56E-02,6.11E-01,5.56E-02,5.56E-02,5.56E-02,5.56E-02,5.56E-02,5.56E-02
334,1.72E-02,1.72E-02,1.72E-02,1.72E-02,1.72E-02,3.62E-01,5.34E-01,1.72E-02
335,3.57E-02,3.57E-02,3.57E-02,3.57E-02,3.57E-02,7.50E-01,3.57E-02,3.57E-02
336,3.57E-02,3.57E-02,3.57E-02,3.57E-02,3.57E-02,3.57E-02,3.93E-01,3.93E-01
337,1.14E-02,1.14E-02,1.14E-02,9.20E-01,1.14E-02,1.14E-02,1.14E-02,1.14E-02
338,3.57E-02,3.57E-02,3.57E-02,3.57E-02,3.57E-02,3.57E-02,3.57E-02,7.50E-01
339,1.72E-02,1.72E-02,1.72E-02,1.90E-01,1.72E-02,1.72E-02,7.07E-01,1.72E-02
340,2.08E-02,4.37E-01,2.08E-02,2.08E-02,2.08E-02,2.29E-01,2.08E-02,2.29E-01
341,1.25E-01,1.25E-01,6.93E-01,1.14E-02,1.14E-02,1.14E-02,1.14E-02,1.14E-02
342,1.02E-02,1.12E-01,2.14E-01,1.02E-02,1.02E-02,1.02E-02,6.22E-01,1.02E-02
343,2.63E-02,2.63E-02,2.63E-02,2.63E-02,2.63E-02,5.53E-01,2.63E-02,2.89E-01
344,2.08E-02,2.08E-02,2.08E-02,2.08E-02,2.08E-02,8.54E-01,2.08E-02,2.08E-02
345,3.57E-02,3.57E-02,3.57E-02,3.57E-02,3.57E-02,3.57E-02,7.50E-01,3.57E-02
346,3.62E-01,1.90E-01,3.62E-01,1.72E-02,1.72E-02,1.72E-02,1.72E-02,1.72E-02
347,1.72E-02,1.90E-01,1.72E-02,1.72E-02,1.72E-02,1.72E-02,1.72E-02,7.07E-01
348,2.08E-02,2.08E-02,6.46E-01,2.08E-02,2.08E-02,2.08E-02,2.08E-02,2.29E-01
349,1.25E-01,1.25E-01,1.25E-01,1.25E-01,1.25E-01,1.25E-01,1.25E-01,1.25E-01
350,1.72E-02,1.72E-02,1.72E-02,1.72E-02,1.72E-02,8.79E-01,1.72E-02,1.72E-02
351,1.72E-02,1.72E-02,1.72E-02,3.62E-01,1.72E-02,1.72E-02,5.34E-01,1.72E-02
352,1.25E-01,1.25E-01,1.25E-01,1.25E-01,1.25E-01,1.25E-01,1.25E-01,1.25E-01
353,2.08E-02,2.08E-02,2.08E-02,2.08E-02,2.08E-02,2.08E-02,2.08E-02,8.54E-01
354,3.57E-02,3.57E-02,3.57E-02,7.50E-01,3.57E-02,3.57E-02,3.57E-02,3.57E-02
355,2.08E-02,2.08E-02,2.08E-02,8.54E-01,2.08E-02,2.08E-02,2.08E-02,2.08E-02
356,9.26E-03,9.26E-03,9.26E-03,4.72E-01,3.80E-01,9.26E-03,9.26E-03,1.02E-01
357,8.59E-02,8.59E-02,7.81E-03,1.64E-01,7.81E-03,3.20E-01,2.42E-01,8.59E-02
358,5.87E-01,7.25E-03,1.52E-01,2.25E-01,7.25E-03,7.25E-03,7.25E-03,7.25E-03
359,1.28E-02,1.28E-02,1.28E-02,1.41E-01,1.28E-02,7.82E-01,1.28E-02,1.28E-02
360,5.56E-02,5.56E-02,5.56E-02,5.56E-02,5.56E-02,5.56E-02,6.11E-01,5.56E-02
361,5.56E-02,5.56E-02,5.56E-02,5.56E-02,5.56E-02,6.11E-01,5.56E-02,5.56E-02
362,5.56E-02,5.56E-02,5.56E-02,5.56E-02,6.11E-01,5.56E-02,5.56E-02,5.56E-02
363,2.63E-02,2.63E-02,2.63E-02,2.63E-02,2.63E-02,5.53E-01,2.63E-02,2.89E-01
364,2.63E-02,2.63E-02,2.63E-02,2.63E-02,2.63E-02,8.16E-01,2.63E-02,2.63E-02
365,5.56E-02,5.56E-02,5.56E-02,6.11E-01,5.56E-02,5.56E-02,5.56E-02,5.56E-02
366,3.57E-02,3.57E-02,3.57E-02,3.57E-02,3.57E-02,7.50E-01,3.57E-02,3.57E-02
367,3.57E-02,3.57E-02,3.57E-02,3.57E-02,3.57E-02,3.57E-02,3.57E-02,7.50E-01
368,3.57E-02,7.50E-01,3.57E-02,3.57E-02,3.57E-02,3.57E-02,3.57E-02,3.57E-02
369,4.72E-01,9.26E-03,1.02E-01,9.26E-03,9.26E-03,9.26E-03,9.26E-03,3.80E-01
370,1.47E-02,1.47E-02,1.47E-02,1.62E-01,1.62E-01,1.47E-02,1.47E-02,6.03E-01
371,2.63E-02,2.63E-02,2.63E-02,2.63E-02,2.63E-02,8.16E-01,2.63E-02,2.63E-02
372,2.63E-02,2.63E-02,2.63E-02,2.63E-02,8.16E-01,2.63E-02,2.63E-02,2.63E-02
373,2.75E-01,4.69E-01,3.88E-03,1.98E-01,3.88E-03,3.88E-03,3.88E-03,4.26E-02
374,1.47E-02,1.47E-02,1.62E-01,1.47E-02,1.47E-02,1.47E-02,1.47E-02,7.50E-01
375,3.57E-02,3.93E-01,3.57E-02,3.57E-02,3.57E-02,3.93E-01,3.57E-02,3.57E-02
376,5.56E-02,5.56E-02,5.56E-02,5.56E-02,6.11E-01,5.56E-02,5.56E-02,5.56E-02
377,1.47E-02,1.47E-02,4.56E-01,1.62E-01,3.09E-01,1.47E-02,1.47E-02,1.47E-02
378,5.56E-02,5.56E-02,5.56E-02,6.11E-01,5.56E-02,5.56E-02,5.56E-02,5.56E-02
379,2.69E-01,6.54E-01,1.28E-02,1.28E-02,1.28E-02,1.28E-02,1.28E-02,1.28E-02
380,4.72E-01,9.26E-03,1.02E-01,2.87E-01,9.26E-03,1.02E-01,9.26E-03,9.26E-03
381,2.63E-02,2.89E-01,2.89E-01,2.63E-02,2.63E-02,2.63E-02,2.89E-01,2.63E-02
382,2.63E-02,2.89E-01,2.63E-02,5.53E-01,2.63E-02,2.63E-02,2.63E-02,2.63E-02
383,1.25E-01,1.25E-01,1.25E-01,1.25E-01,1.25E-01,1.25E-01,1.25E-01,1.25E-01
384,2.63E-02,2.63E-02,2.89E-01,2.63E-02,2.63E-02,2.63E-02,2.63E-02,5.53E-01
385,2.63E-02,2.63E-02,2.63E-02,2.89E-01,2.63E-02,2.63E-02,5.53E-01,2.63E-02
386,2.08E-02,2.08E-02,2.08E-02,2.08E-02,2.08E-02,2.08E-02,8.54E-01,2.08E-02
387,1.28E-02,2.69E-01,5.26E-01,1.28E-02,1.28E-02,1.28E-02,1.41E-01,1.28E-02
388,5.05E-03,5.56E-02,5.05E-03,5.05E-03,5.05E-03,5.05E-03,5.05E-03,9.14E-01
389,1.02E-02,1.02E-02,1.02E-02,1.02E-02,1.02E-02,1.12E-01,1.02E-02,8.27E-01
390,2.08E-02,2.08E-02,2.08E-02,2.08E-02,2.08E-02,2.08E-02,8.54E-01,2.08E-02
391,2.63E-02,2.63E-02,2.89E-01,2.63E-02,2.63E-02,2.63E-02,5.53E-01,2.63E-02
392,2.63E-02,2.63E-02,5.53E-01,2.63E-02,2.63E-02,2.63E-02,2.63E-02,2.89E-01
393,2.63E-02,2.63E-02,2.63E-02,2.63E-02,2.89E-01,2.63E-02,2.89E-01,2.89E-01
394,8.85E-01,6.76E-03,7.43E-02,6.76E-03,6.76E-03,6.76E-03,6.76E-03,6.76E-03
395,3.57E-02,3.57E-02,3.57E-02,7.50E-01,3.57E-02,3.57E-02,3.57E-02,3.57E-02
396,1.25E-01,1.25E-01,1.25E-01,1.25E-01,1.25E-01,1.25E-01,1.25E-01,1.25E-01
397,3.57E-02,3.57E-02,3.57E-02,3.57E-02,3.57E-02,7.50E-01,3.57E-02,3.57E-02
398,3.57E-02,3.57E-02,3.57E-02,3.57E-02,3.57E-02,3.93E-01,3.57E-02,3.93E-01
399,2.08E-02,2.08E-02,2.08E-02,2.08E-02,2.08E-02,2.08E-02,6.46E-01,2.29E-01
400,5.56E-02,6.11E-01,5.56E-02,5.56E-02,5.56E-02,5.56E-02,5.56E-02,5.56E-02
401,5.56E-02,5.56E-02,5.56E-02,5.56E-02,5.56E-02,5.56E-02,6.11E-01,5.56E-02
402,1.28E-02,1.28E-02,6.54E-01,1.28E-02,1.28E-02,1.28E-02,1.28E-02,2.69E-01
403,2.29E-01,2.08E-02,2.08E-02,2.08E-02,4.37E-01,2.08E-02,2.08E-02,2.29E-01
404,2.44E-01,5.95E-03,6.55E-02,3.63E-01,5.95E-03,5.95E-03,3.04E-01,5.95E-03
405,8.47E-03,4.32E-01,5.17E-01,8.47E-03,8.47E-03,8.47E-03,8.47E-03,8.47E-03
406,3.57E-02,3.57E-02,3.93E-01,3.57E-02,3.57E-02,3.57E-02,3.57E-02,3.93E-01
407,2.63E-02,2.63E-02,2.63E-02,2.63E-02,8.16E-01,2.63E-02,2.63E-02,2.63E-02
408,2.63E-02,2.63E-02,8.16E-01,2.63E-02,2.63E-02,2.63E-02,2.63E-02,2.63E-02
409,1.12E-01,1.02E-02,1.02E-02,2.14E-01,1.02E-02,1.02E-02,6.22E-01,1.02E-02
410,3.57E-02,3.57E-02,3.57E-02,3.57E-02,3.57E-02,3.57E-02,7.50E-01,3.57E-02
411,4.37E-01,2.08E-02,2.08E-02,2.08E-02,2.08E-02,2.29E-01,2.29E-01,2.08E-02
412,9.26E-03,9.26E-03,8.43E-01,9.26E-03,9.26E-03,9.26E-03,9.26E-03,1.02E-01
413,8.47E-03,8.47E-03,1.78E-01,8.47E-03,3.47E-01,4.32E-01,8.47E-03,8.47E-03
414,2.79E-03,1.98E-01,2.79E-03,7.85E-01,2.79E-03,2.79E-03,2.79E-03,2.79E-03
415,2.63E-02,2.63E-02,2.63E-02,2.63E-02,2.63E-02,5.53E-01,2.89E-01,2.63E-02
416,4.58E-01,3.25E-03,3.28E-01,3.25E-03,1.01E-01,3.25E-03,1.01E-01,3.25E-03
417,2.63E-02,2.89E-01,2.63E-02,2.63E-02,2.63E-02,2.63E-02,5.53E-01,2.63E-02
418,1.28E-02,1.28E-02,1.28E-02,1.28E-02,1.28E-02,1.28E-02,6.54E-01,2.69E-01
419,1.72E-02,1.90E-01,1.72E-02,1.72E-02,3.62E-01,1.72E-02,1.72E-02,3.62E-01
420,3.05E-03,9.79E-01,3.05E-03,3.05E-03,3.05E-03,3.05E-03,3.05E-03,3.05E-03
421,1.02E-02,1.02E-02,1.02E-02,1.02E-02,1.02E-02,1.02E-02,9.29E-01,1.02E-02
422,2.63E-02,2.63E-02,2.63E-02,2.63E-02,2.63E-02,2.63E-02,2.63E-02,8.16E-01
423,2.08E-02,2.08E-02,2.08E-02,8.54E-01,2.08E-02,2.08E-02,2.08E-02,2.08E-02
424,4.20E-03,1.30E-01,5.50E-01,2.56E-01,4.20E-03,4.62E-02,4.20E-03,4.20E-03
425,3.57E-02,3.57E-02,3.57E-02,3.57E-02,3.93E-01,3.57E-02,3.93E-01,3.57E-02
426,1.28E-02,1.28E-02,6.54E-01,2.69E-01,1.28E-02,1.28E-02,1.28E-02,1.28E-02
427,1.72E-02,1.72E-02,8.79E-01,1.72E-02,1.72E-02,1.72E-02,1.72E-02,1.72E-02
428,3.26E-01,4.59E-03,5.09E-01,4.59E-03,4.59E-03,4.59E-03,1.42E-01,4.59E-03
429,5.56E-02,5.56E-02,5.56E-02,5.56E-02,5.56E-02,5.56E-02,6.11E-01,5.56E-02
430,1.47E-02,1.47E-02,1.47E-02,1.47E-02,7.50E-01,1.62E-01,1.47E-02,1.47E-02
431,2.08E-02,2.29E-01,6.46E-01,2.08E-02,2.08E-02,2.08E-02,2.08E-02,2.08E-02
432,5.34E-01,1.90E-01,1.72E-02,1.72E-02,1.90E-01,1.72E-02,1.72E-02,1.72E-02
433,5.56E-02,5.56E-02,5.56E-02,5.56E-02,5.56E-02,5.56E-02,6.11E-01,5.56E-02
434,3.57E-02,3.57E-02,3.57E-02,3.57E-02,3.57E-02,3.93E-01,3.57E-02,3.93E-01
435,2.08E-02,2.29E-01,2.08E-02,2.08E-02,2.08E-02,2.08E-02,6.46E-01,2.08E-02
436,9.26E-03,9.26E-03,4.72E-01,9.26E-03,9.26E-03,9.26E-03,9.26E-03,4.72E-01
437,2.63E-02,2.63E-02,2.63E-02,2.63E-02,2.63E-02,2.63E-02,2.63E-02,8.16E-01
438,5.56E-02,5.56E-02,5.56E-02,5.56E-02,5.56E-02,5.56E-02,6.11E-01,5.56E-02
439,1.72E-02,1.72E-02,1.72E-02,1.72E-02,1.72E-02,8.79E-01,1.72E-02,1.72E-02
440,3.57E-02,7.50E-01,3.57E-02,3.57E-02,3.57E-02,3.57E-02,3.57E-02,3.57E-02
441,2.08E-02,2.08E-02,2.08E-02,2.29E-01,2.08E-02,2.08E-02,6.46E-01,2.08E-02
442,1.41E-01,1.28E-02,3.97E-01,1.28E-02,1.41E-01,1.28E-02,2.69E-01,1.28E-02
443,3.62E-01,1.72E-02,5.34E-01,1.72E-02,1.72E-02,1.72E-02,1.72E-02,1.72E-02
444,4.37E-01,2.08E-02,2.08E-02,2.08E-02,2.08E-02,2.08E-02,2.08E-02,4.37E-01
445,2.63E-02,8.16E-01,2.63E-02,2.63E-02,2.63E-02,2.63E-02,2.63E-02,2.63E-02
446,1.02E-02,1.02E-02,6.22E-01,1.02E-02,3.16E-01,1.02E-02,1.02E-02,1.02E-02
447,1.72E-02,1.72E-02,1.72E-02,1.72E-02,1.72E-02,1.72E-02,1.72E-02,8.79E-01
448,5.32E-03,5.32E-03,8.03E-01,5.32E-03,5.32E-03,5.32E-03,5.32E-03,1.65E-01
449,3.57E-02,3.57E-02,3.57E-02,3.57E-02,3.57E-02,3.57E-02,7.50E-01,3.57E-02
450,1.47E-02,1.47E-02,1.47E-02,1.47E-02,3.09E-01,1.47E-02,6.03E-01,1.47E-02
451,5.56E-02,5.56E-02,5.56E-02,5.56E-02,5.56E-02,5.56E-02,6.11E-01,5.56E-02
452,1.47E-02,6.03E-01,1.47E-02,1.47E-02,1.47E-02,1.47E-02,1.47E-02,3.09E-01
453,2.08E-02,2.08E-02,2.08E-02,2.08E-02,2.29E-01,2.08E-02,2.08E-02,6.46E-01
454,6.76E-03,2.77E-01,6.76E-03,6.82E-01,6.76E-03,6.76E-03,6.76E-03,6.76E-03
455,7.07E-01,1.72E-02,1.72E-02,1.72E-02,1.72E-02,1.72E-02,1.72E-02,1.90E-01
456,1.72E-02,1.72E-02,8.79E-01,1.72E-02,1.72E-02,1.72E-02,1.72E-02,1.72E-02
457,3.14E-03,9.75E-02,1.60E-01,3.14E-03,2.86E-01,3.14E-03,2.86E-01,1.60E-01
458,1.25E-01,5.95E-03,5.95E-03,1.85E-01,1.85E-01,5.95E-03,4.23E-01,6.55E-02
459,8.47E-03,2.63E-01,6.86E-01,8.47E-03,8.47E-03,8.47E-03,8.47E-03,8.47E-03
460,3.57E-02,3.57E-02,3.57E-02,3.57E-02,3.57E-02,3.57E-02,3.93E-01,3.93E-01
461,2.08E-02,2.08E-02,2.08E-02,2.29E-01,2.08E-02,4.37E-01,2.29E-01,2.08E-02
462,2.08E-02,2.08E-02,2.08E-02,8.54E-01,2.08E-02,2.08E-02,2.08E-02,2.08E-02
463,3.57E-02,3.57E-02,3.57E-02,3.57E-02,3.93E-01,3.57E-02,3.57E-02,3.93E-01
464,3.57E-02,3.57E-02,3.57E-02,3.57E-02,3.57E-02,7.50E-01,3.57E-02,3.57E-02
465,2.63E-02,2.63E-02,5.53E-01,2.63E-02,2.63E-02,2.63E-02,2.89E-01,2.63E-02
466,1.02E-02,5.20E-01,1.02E-02,1.02E-02,1.02E-02,1.02E-02,1.12E-01,3.16E-01
467,6.11E-01,5.56E-02,5.56E-02,5.56E-02,5.56E-02,5.56E-02,5.56E-02,5.56E-02
468,2.63E-02,5.53E-01,2.63E-02,2.63E-02,2.63E-02,2.63E-02,2.63E-02,2.89E-01
469,1.28E-02,1.28E-02,1.28E-02,1.28E-02,1.28E-02,1.41E-01,7.82E-01,1.28E-02
470,3.57E-02,3.57E-02,3.57E-02,3.57E-02,3.57E-02,3.57E-02,3.57E-02,7.50E-01
471,3.57E-02,3.93E-01,3.57E-02,3.57E-02,3.57E-02,3.93E-01,3.57E-02,3.57E-02
472,2.08E-02,2.08E-02,2.08E-02,2.08E-02,2.29E-01,2.29E-01,4.37E-01,2.08E-02
473,5.56E-02,5.56E-02,5.56E-02,5.56E-02,5.56E-02,5.56E-02,6.11E-01,5.56E-02
474,2.63E-02,2.63E-02,2.63E-02,2.63E-02,2.63E-02,5.53E-01,2.89E-01,2.63E-02
475,2.63E-02,2.63E-02,8.16E-01,2.63E-02,2.63E-02,2.63E-02,2.63E-02,2.63E-02
476,6.11E-01,5.56E-02,5.56E-02,5.56E-02,5.56E-02,5.56E-02,5.56E-02,5.56E-02
477,2.08E-02,2.29E-01,2.08E-02,6.46E-01,2.08E-02,2.08E-02,2.08E-02,2.08E-02
478,1.72E-02,1.72E-02,1.72E-02,1.72E-02,1.72E-02,8.79E-01,1.72E-02,1.72E-02
479,9.26E-03,9.26E-03,9.26E-03,9.26E-03,1.02E-01,9.26E-03,9.26E-03,8.43E-01
480,3.57E-02,3.57E-02,3.57E-02,3.57E-02,3.57E-02,3.93E-01,3.93E-01,3.57E-02
481,2.08E-02,8.54E-01,2.08E-02,2.08E-02,2.08E-02,2.08E-02,2.08E-02,2.08E-02
482,3.57E-02,3.57E-02,3.57E-02,7.50E-01,3.57E-02,3.57E-02,3.57E-02,3.57E-02
483,1.92E-01,5.38E-01,2.55E-01,3.14E-03,3.14E-03,3.14E-03,3.14E-03,3.14E-03
484,2.69E-01,1.28E-02,1.28E-02,1.41E-01,1.28E-02,1.41E-01,1.28E-02,3.97E-01
485,1.47E-02,1.47E-02,1.47E-02,1.47E-02,1.47E-02,1.47E-02,1.47E-02,8.97E-01
486,5.56E-02,5.56E-02,5.56E-02,5.56E-02,5.56E-02,6.11E-01,5.56E-02,5.56E-02
487,2.63E-02,2.63E-02,2.63E-02,2.63E-02,2.63E-02,2.63E-02,2.63E-02,8.16E-01
488,2.63E-02,2.63E-02,2.63E-02,2.63E-02,2.63E-02,2.63E-02,5.53E-01,2.89E-01
489,1.72E-02,1.72E-02,5.34E-01,1.72E-02,1.72E-02,1.72E-02,3.62E-01,1.72E-02
490,5.56E-02,6.11E-01,5.56E-02,5.56E-02,5.56E-02,5.56E-02,5.56E-02,5.56E-02
491,6.03E-01,1.47E-02,1.47E-02,1.47E-02,1.47E-02,1.47E-02,1.47E-02,3.09E-01
492,3.93E-01,3.57E-02,3.93E-01,3.57E-02,3.57E-02,3.57E-02,3.57E-02,3.57E-02
493,2.69E-01,1.28E-02,1.28E-02,1.28E-02,1.41E-01,1.28E-02,5.26E-01,1.28E-02
494,3.57E-02,3.57E-02,3.57E-02,7.50E-01,3.57E-02,3.57E-02,3.57E-02,3.57E-02
495,3.57E-02,7.50E-01,3.57E-02,3.57E-02,3.57E-02,3.57E-02,3.57E-02,3.57E-02
496,1.14E-02,2.39E-01,1.14E-02,1.14E-02,1.14E-02,3.52E-01,3.52E-01,1.14E-02
497,3.57E-02,3.57E-02,7.50E-01,3.57E-02,3.57E-02,3.57E-02,3.57E-02,3.57E-02
498,3.73E-03,3.73E-03,6.38E-01,2.65E-01,3.73E-03,3.73E-03,3.73E-03,7.84E-02
499,1.72E-02,1.72E-02,1.72E-02,3.62E-01,1.72E-02,1.72E-02,1.72E-02,5.34E-01
500,1.47E-02,1.47E-02,3.09E-01,1.47E-02,4.56E-01,1.47E-02,1.62E-01,1.47E-02
501,2.63E-02,2.63E-02,8.16E-01,2.63E-02,2.63E-02,2.63E-02,2.63E-02,2.63E-02
502,2.08E-02,2.08E-02,2.08E-02,2.08E-02,2.08E-02,6.46E-01,2.08E-02,2.29E-01
503,1.65E-01,3.24E-01,5.32E-03,4.84E-01,5.32E-03,5.32E-03,5.32E-03,5.32E-03
504,5.56E-02,5.56E-02,5.56E-02,5.56E-02,5.56E-02,5.56E-02,6.11E-01,5.56E-02
505,2.29E-01,2.29E-01,2.08E-02,2.08E-02,2.08E-02,4.37E-01,2.08E-02,2.08E-02
506,2.63E-02,2.63E-02,2.63E-02,2.63E-02,5.53E-01,2.63E-02,2.89E-01,2.63E-02
507,2.63E-02,2.63E-02,2.63E-02,2.63E-02,2.63E-02,2.63E-02,2.63E-02,8.16E-01
508,6.33E-03,6.33E-03,6.33E-03,6.33E-03,6.33E-03,6.96E-02,6.33E-03,8.92E-01
509,1.14E-02,1.14E-02,9.20E-01,1.14E-02,1.14E-02,1.14E-02,1.14E-02,1.14E-02
510,2.63E-02,2.63E-02,2.63E-02,8.16E-01,2.63E-02,2.63E-02,2.63E-02,2.63E-02
511,2.08E-02,2.08E-02,2.29E-01,2.08E-02,2.08E-02,6.46E-01,2.08E-02,2.08E-02
512,7.81E-03,1.64E-01,5.55E-01,7.81E-03,7.81E-03,7.81E-03,7.81E-03,2.42E-01
513,1.14E-02,1.14E-02,2.39E-01,1.14E-02,1.14E-02,1.14E-02,6.93E-01,1.14E-02
514,2.63E-02,2.63E-02,2.89E-01,2.63E-02,2.63E-02,2.89E-01,2.63E-02,2.89E-01
515,6.76E-03,1.42E-01,6.76E-03,6.76E-03,3.45E-01,6.76E-03,6.76E-03,4.80E-01
516,3.47E-03,1.77E-01,3.47E-03,3.47E-03,1.08E-01,1.08E-01,3.47E-03,5.94E-01
517,2.29E-01,2.08E-02,2.08E-02,2.08E-02,2.08E-02,2.08E-02,6.46E-01,2.08E-02
518,2.08E-02,2.08E-02,2.08E-02,2.29E-01,2.29E-01,2.08E-02,4.37E-01,2.08E-02
519,2.63E-02,2.63E-02,2.63E-02,8.16E-01,2.63E-02,2.63E-02,2.63E-02,2.63E-02
520,1.66E-01,3.29E-01,4.91E-02,4.46E-01,2.34E-03,2.34E-03,2.34E-03,2.34E-03
521,7.81E-03,8.59E-02,7.81E-03,3.98E-01,1.64E-01,3.20E-01,7.81E-03,7.81E-03
522,2.63E-02,2.63E-02,2.63E-02,2.63E-02,2.63E-02,8.16E-01,2.63E-02,2.63E-02
523,5.34E-01,1.72E-02,1.72E-02,1.72E-02,1.72E-02,1.72E-02,1.72E-02,3.62E-01
524,2.08E-02,4.37E-01,2.08E-02,2.08E-02,2.08E-02,2.08E-02,4.37E-01,2.08E-02
525,2.08E-02,2.08E-02,2.08E-02,2.08E-02,4.37E-01,2.08E-02,2.08E-02,4.37E-01
526,3.57E-02,3.57E-02,3.57E-02,3.57E-02,3.57E-02,3.57E-02,3.57E-02,7.50E-01
527,3.57E-02,3.57E-02,3.57E-02,3.93E-01,3.57E-02,3.57E-02,3.93E-01,3.57E-02
528,2.08E-02,2.08E-02,2.08E-02,2.08E-02,2.08E-02,2.08E-02,8.54E-01,2.08E-02
529,2.08E-02,2.08E-02,2.29E-01,2.08E-02,2.29E-01,2.08E-02,2.08E-02,4.37E-01
530,1.72E-02,1.72E-02,1.72E-02,1.72E-02,1.72E-02,8.79E-01,1.72E-02,1.72E-02
531,2.63E-02,2.63E-02,2.63E-02,2.63E-02,2.63E-02,2.63E-02,2.63E-02,8.16E-01
532,1.14E-02,1.25E-01,1.14E-02,3.52E-01,1.14E-02,1.14E-02,2.39E-01,2.39E-01
533,2.29E-01,2.08E-02,2.08E-02,2.08E-02,2.08E-02,6.46E-01,2.08E-02,2.08E-02
534,9.26E-03,9.26E-03,9.26E-03,9.26E-03,5.65E-01,3.80E-01,9.26E-03,9.26E-03
535,7.50E-01,3.57E-02,3.57E-02,3.57E-02,3.57E-02,3.57E-02,3.57E-02,3.57E-02
536,2.63E-02,2.63E-02,2.63E-02,2.63E-02,2.63E-02,8.16E-01,2.63E-02,2.63E-02
537,9.26E-03,9.26E-03,9.26E-03,1.94E-01,9.26E-03,9.26E-03,4.72E-01,2.87E-01
538,2.63E-02,2.63E-02,2.63E-02,2.63E-02,2.63E-02,2.63E-02,8.16E-01,2.63E-02
539,3.57E-02,3.57E-02,7.50E-01,3.57E-02,3.57E-02,3.57E-02,3.57E-02,3.57E-02
540,1.72E-02,1.90E-01,1.90E-01,5.34E-01,1.72E-02,1.72E-02,1.72E-02,1.72E-02
541,2.24E-01,4.82E-02,4.82E-02,4.39E-03,2.68E-01,4.82E-02,3.55E-01,4.39E-03
542,3.73E-03,3.73E-03,3.40E-01,3.73E-03,4.14E-01,3.73E-03,3.73E-03,2.28E-01
543,3.57E-02,7.50E-01,3.57E-02,3.57E-02,3.57E-02,3.57E-02,3.57E-02,3.57E-02
544,2.63E-02,2.89E-01,2.63E-02,2.63E-02,2.63E-02,2.63E-02,2.63E-02,5.53E-01
545,8.47E-03,1.78E-01,7.71E-01,8.47E-03,8.47E-03,8.47E-03,8.47E-03,8.47E-03
546,3.57E-02,3.57E-02,3.57E-02,3.57E-02,3.57E-02,3.57E-02,3.57E-02,7.50E-01
547,9.26E-03,7.50E-01,1.94E-01,9.26E-03,9.26E-03,9.26E-03,9.26E-03,9.26E-03
548,8.59E-02,2.42E-01,7.81E-03,7.81E-03,6.33E-01,7.81E-03,7.81E-03,7.81E-03
549,3.57E-02,3.57E-02,3.57E-02,3.57E-02,7.50E-01,3.57E-02,3.57E-02,3.57E-02
550,1.47E-02,1.47E-02,8.97E-01,1.47E-02,1.47E-02,1.47E-02,1.47E-02,1.47E-02
551,1.25E-01,1.25E-01,1.25E-01,1.25E-01,1.25E-01,1.25E-01,1.25E-01,1.25E-01
552,1.25E-01,1.25E-01,1.25E-01,1.25E-01,1.25E-01,1.25E-01,1.25E-01,1.25E-01
553,2.29E-01,2.29E-01,2.08E-02,2.08E-02,2.08E-02,4.37E-01,2.08E-02,2.08E-02
554,3.57E-02,3.57E-02,3.57E-02,3.57E-02,3.57E-02,3.57E-02,3.93E-01,3.93E-01
555,1.72E-02,1.72E-02,3.62E-01,1.72E-02,1.90E-01,1.72E-02,1.72E-02,3.62E-01
556,2.08E-02,2.08E-02,2.08E-02,4.37E-01,2.08E-02,2.08E-02,4.37E-01,2.08E-02
557,5.32E-03,5.32E-03,1.65E-01,5.85E-02,4.84E-01,2.71E-01,5.32E-03,5.32E-03
558,2.63E-02,2.63E-02,2.63E-02,2.89E-01,2.63E-02,2.63E-02,2.63E-02,5.53E-01
559,9.20E-01,1.14E-02,1.14E-02,1.14E-02,1.14E-02,1.14E-02,1.14E-02,1.14E-02
560,4.81E-03,4.81E-03,7.74E-01,4.81E-03,4.81E-03,1.01E-01,4.81E-03,1.01E-01
561,1.62E-01,1.47E-02,1.47E-02,1.47E-02,7.50E-01,1.47E-02,1.47E-02,1.47E-02
562,1.14E-02,1.14E-02,3.52E-01,1.14E-02,1.14E-02,1.14E-02,1.14E-02,5.80E-01
563,1.02E-02,1.02E-02,1.02E-02,2.14E-01,1.12E-01,6.22E-01,1.02E-02,1.02E-02
564,2.08E-02,2.29E-01,2.08E-02,2.08E-02,2.08E-02,6.46E-01,2.08E-02,2.08E-02
565,3.57E-02,3.57E-02,3.57E-02,3.57E-02,3.57E-02,3.57E-02,7.50E-01,3.57E-02
566,2.08E-02,2.08E-02,2.08E-02,2.29E-01,2.29E-01,2.08E-02,2.08E-02,4.37E-01
567,2.08E-02,4.37E-01,2.29E-01,2.08E-02,2.08E-02,2.08E-02,2.29E-01,2.08E-02
568,1.90E-01,1.90E-01,5.34E-01,1.72E-02,1.72E-02,1.72E-02,1.72E-02,1.72E-02
569,3.57E-02,3.57E-02,3.57E-02,3.57E-02,3.57E-02,3.57E-02,3.57E-02,7.50E-01
570,5.56E-02,5.56E-02,5.56E-02,5.56E-02,5.56E-02,5.56E-02,6.11E-01,5.56E-02
571,2.63E-02,2.63E-02,2.63E-02,2.63E-02,5.53E-01,2.89E-01,2.63E-02,2.63E-02
572,3.57E-02,3.57E-02,3.57E-02,3.57E-02,3.57E-02,3.57E-02,7.50E-01,3.57E-02
573,5.56E-02,6.11E-01,5.56E-02,5.56E-02,5.56E-02,5.56E-02,5.56E-02,5.56E-02
574,2.89E-01,2.63E-02,2.63E-02,2.63E-02,2.63E-02,5.53E-01,2.63E-02,2.63E-02
575,2.63E-02,2.63E-02,5.53E-01,2.63E-02,2.63E-02,2.89E-01,2.63E-02,2.63E-02
576,5.56E-02,5.56E-02,5.56E-02,5.56E-02,5.56E-02,5.56E-02,6.11E-01,5.56E-02
577,2.63E-02,2.63E-02,2.63E-02,2.63E-02,8.16E-01,2.63E-02,2.63E-02,2.63E-02
578,2.08E-02,2.08E-02,2.08E-02,2.08E-02,2.08E-02,2.08E-02,8.54E-01,2.08E-02
579,1.28E-02,1.28E-02,1.28E-02,1.41E-01,1.28E-02,1.28E-02,7.82E-01,1.28E-02
580,1.72E-02,1.72E-02,1.72E-02,1.72E-02,8.79E-01,1.72E-02,1.72E-02,1.72E-02
581,2.63E-02,2.89E-01,2.63E-02,2.63E-02,2.63E-02,2.63E-02,5.53E-01,2.63E-02
582,5.56E-02,5.56E-02,5.56E-02,6.11E-01,5.56E-02,5.56E-02,5.56E-02,5.56E-02
583,3.57E-02,3.57E-02,3.93E-01,3.93E-01,3.57E-02,3.57E-02,3.57E-02,3.57E-02
584,1.25E-01,1.25E-01,1.25E-01,1.25E-01,1.25E-01,1.25E-01,1.25E-01,1.25E-01
585,3.57E-02,3.57E-02,3.57E-02,7.50E-01,3.57E-02,3.57E-02,3.57E-02,3.57E-02
586,2.63E-02,2.63E-02,2.63E-02,8.16E-01,2.63E-02,2.63E-02,2.63E-02,2.63E-02
587,3.57E-02,3.57E-02,3.57E-02,3.57E-02,3.57E-02,3.93E-01,3.57E-02,3.93E-01
588,2.08E-02,2.08E-02,4.37E-01,2.08E-02,2.08E-02,2.08E-02,4.37E-01,2.08E-02
589,1.72E-02,1.72E-02,1.90E-01,1.72E-02,5.34E-01,1.72E-02,1.90E-01,1.72E-02
590,5.56E-02,5.56E-02,5.56E-02,5.56E-02,5.56E-02,5.56E-02,6.11E-01,5.56E-02
591,3.57E-02,3.57E-02,3.57E-02,7.50E-01,3.57E-02,3.57E-02,3.57E-02,3.57E-02
592,2.08E-02,2.08E-02,6.46E-01,2.08E-02,2.08E-02,2.08E-02,2.29E-01,2.08E-02
593,2.63E-02,2.63E-02,2.63E-02,8.16E-01,2.63E-02,2.63E-02,2.63E-02,2.63E-02
594,1.90E-01,1.72E-02,1.90E-01,1.72E-02,1.90E-01,3.62E-01,1.72E-02,1.72E-02
595,1.90E-01,1.72E-02,1.72E-02,1.72E-02,1.72E-02,1.72E-02,7.07E-01,1.72E-02
596,5.56E-02,6.11E-01,5.56E-02,5.56E-02,5.56E-02,5.56E-02,5.56E-02,5.56E-02
597,2.08E-02,2.08E-02,2.08E-02,8.54E-01,2.08E-02,2.08E-02,2.08E-02,2.08E-02
598,2.63E-02,2.63E-02,2.63E-02,2.63E-02,5.53E-01,2.63E-02,2.63E-02,2.89E-01
599,3.57E-02,3.57E-02,3.57E-02,3.57E-02,7.50E-01,3.57E-02,3.57E-02,3.57E-02
600,2.89E-01,2.63E-02,2.63E-02,2.63E-02,2.63E-02,5.53E-01,2.63E-02,2.63E-02
601,2.89E-01,2.63E-02,2.63E-02,5.53E-01,2.63E-02,2.63E-02,2.63E-02,2.63E-02
602,1.25E-01,1.25E-01,1.25E-01,1.25E-01,1.25E-01,1.25E-01,1.25E-01,1.25E-01
603,4.81E-03,2.45E-01,1.97E-01,4.81E-03,4.81E-03,4.81E-03,1.01E-01,4.38E-01
604,1.28E-02,1.28E-02,1.28E-02,9.10E-01,1.28E-02,1.28E-02,1.28E-02,1.28E-02
605,3.57E-02,3.57E-02,3.57E-02,3.57E-02,3.57E-02,3.57E-02,3.57E-02,7.50E-01
606,3.93E-01,3.93E-01,3.57E-02,3.57E-02,3.57E-02,3.57E-02,3.57E-02,3.57E-02
607,1.02E-01,9.26E-03,9.26E-03,1.02E-01,9.26E-03,9.26E-03,7.50E-01,9.26E-03
608,2.63E-02,2.63E-02,2.63E-02,2.63E-02,2.63E-02,8.16E-01,2.63E-02,2.63E-02
609,2.29E-01,2.08E-02,6.46E-01,2.08E-02,2.08E-02,2.08E-02,2.08E-02,2.08E-02
610,2.63E-02,2.63E-02,2.63E-02,2.63E-02,2.63E-02,5.53E-01,2.63E-02,2.89E-01
611,2.08E-02,2.08E-02,2.08E-02,2.08E-02,8.54E-01,2.08E-02,2.08E-02,2.08E-02
612,5.32E-03,2.18E-01,5.32E-03,5.32E-03,5.32E-03,5.32E-03,7.50E-01,5.32E-03
613,1.28E-02,1.28E-02,1.28E-02,1.28E-02,7.82E-01,1.41E-01,1.28E-02,1.28E-02
614,2.63E-02,2.63E-02,2.63E-02,2.63E-02,2.63E-02,2.63E-02,8.16E-01,2.63E-02
615,3.57E-02,3.57E-02,3.57E-02,3.57E-02,3.57E-02,3.93E-01,3.93E-01,3.57E-02
616,2.08E-02,2.08E-02,2.08E-02,2.29E-01,6.46E-01,2.08E-02,2.08E-02,2.08E-02
617,1.28E-02,1.28E-02,1.28E-02,6.54E-01,1.28E-02,1.28E-02,2.69E-01,1.28E-02
618,1.62E-01,1.62E-01,1.47E-02,4.56E-01,1.47E-02,1.47E-02,1.62E-01,1.47E-02
619,3.47E-01,8.47E-03,1.78E-01,8.47E-03,9.32E-02,8.47E-03,3.47E-01,8.47E-03
620,2.63E-02,2.63E-02,2.63E-02,2.63E-02,2.63E-02,2.89E-01,5.53E-01,2.63E-02
621,9.26E-03,1.94E-01,3.80E-01,9.26E-03,9.26E-03,9.26E-03,1.02E-01,2.87E-01
622,1.72E-02,1.90E-01,1.72E-02,3.62E-01,1.72E-02,3.62E-01,1.72E-02,1.72E-02
623,3.16E-01,1.02E-02,1.02E-02,1.02E-02,4.18E-01,1.02E-02,2.14E-01,1.02E-02
624,1.72E-02,1.72E-02,1.72E-02,1.72E-02,1.72E-02,5.34E-01,3.62E-01,1.72E-02
625,7.81E-03,7.81E-03,7.81E-03,7.81E-03,4.77E-01,4.77E-01,7.81E-03,7.81E-03
626,3.73E-03,3.73E-03,3.73E-03,3.73E-03,8.25E-01,7.84E-02,4.10E-02,4.10E-02
627,2.63E-02,2.63E-02,2.63E-02,2.63E-02,8.16E-01,2.63E-02,2.63E-02,2.63E-02
628,5.56E-02,5.56E-02,5.56E-02,5.56E-02,5.56E-02,6.11E-01,5.56E-02,5.56E-02
629,5.56E-02,5.56E-02,5.56E-02,6.11E-01,5.56E-02,5.56E-02,5.56E-02,5.56E-02
630,3.57E-02,7.50E-01,3.57E-02,3.57E-02,3.57E-02,3.57E-02,3.57E-02,3.57E-02
631,1.14E-02,1.25E-01,1.14E-02,1.14E-02,1.14E-02,1.14E-02,8.07E-01,1.14E-02
632,5.56E-02,5.56E-02,5.56E-02,5.56E-02,5.56E-02,5.56E-02,5.56E-02,6.11E-01
633,8.79E-01,1.72E-02,1.72E-02,1.72E-02,1.72E-02,1.72E-02,1.72E-02,1.72E-02
634,3.57E-02,3.57E-02,3.93E-01,3.57E-02,3.93E-01,3.57E-02,3.57E-02,3.57E-02
635,2.63E-02,2.63E-02,2.63E-02,5.53E-01,2.63E-02,2.89E-01,2.63E-02,2.63E-02
636,1.28E-02,1.28E-02,1.28E-02,1.28E-02,1.28E-02,9.10E-01,1.28E-02,1.28E-02
637,2.63E-02,2.63E-02,2.63E-02,8.16E-01,2.63E-02,2.63E-02,2.63E-02,2.63E-02
638,2.63E-02,2.89E-01,2.63E-02,2.63E-02,2.63E-02,5.53E-01,2.63E-02,2.63E-02
639,8.97E-01,1.47E-02,1.47E-02,1.47E-02,1.47E-02,1.47E-02,1.47E-02,1.47E-02
640,1.41E-01,7.82E-01,1.28E-02,1.28E-02,1.28E-02,1.28E-02,1.28E-02,1.28E-02
641,7.43E-02,4.12E-01,6.76E-03,6.76E-03,6.76E-03,6.76E-03,4.12E-01,7.43E-02
642,1.72E-02,1.72E-02,1.90E-01,1.72E-02,1.72E-02,7.07E-01,1.72E-02,1.72E-02
643,2.63E-02,2.63E-02,2.63E-02,2.63E-02,2.63E-02,2.63E-02,2.63E-02,8.16E-01
644,1.72E-02,1.72E-02,1.72E-02,1.72E-02,1.72E-02,1.72E-02,8.79E-01,1.72E-02
645,3.57E-02,3.57E-02,3.57E-02,7.50E-01,3.57E-02,3.57E-02,3.57E-02,3.57E-02
646,1.47E-02,1.47E-02,1.47E-02,1.47E-02,8.97E-01,1.47E-02,1.47E-02,1.47E-02
647,2.63E-02,2.63E-02,2.63E-02,2.63E-02,2.63E-02,8.16E-01,2.63E-02,2.63E-02
648,3.57E-02,3.57E-02,3.57E-02,3.57E-02,3.57E-02,3.57E-02,3.57E-02,7.50E-01
649,5.27E-01,1.22E-03,1.22E-03,1.22E-03,1.34E-02,2.57E-02,1.22E-03,4.29E-01
650,2.63E-02,2.63E-02,2.63E-02,5.53E-01,2.89E-01,2.63E-02,2.63E-02,2.63E-02
651,3.57E-02,3.93E-01,3.57E-02,3.93E-01,3.57E-02,3.57E-02,3.57E-02,3.57E-02
652,7.81E-03,8.59E-02,8.59E-02,7.81E-03,7.81E-03,2.42E-01,5.55E-01,7.81E-03
653,7.25E-03,1.52E-01,8.04E-01,7.25E-03,7.25E-03,7.25E-03,7.25E-03,7.25E-03
654,2.46E-01,8.47E-02,4.03E-03,4.03E-03,6.09E-01,4.44E-02,4.03E-03,4.03E-03
655,1.78E-01,8.47E-03,8.47E-03,8.47E-03,2.63E-01,4.32E-01,9.32E-02,8.47E-03
656,3.57E-02,3.57E-02,7.50E-01,3.57E-02,3.57E-02,3.57E-02,3.57E-02,3.57E-02
657,7.81E-03,7.81E-03,7.81E-03,1.64E-01,7.89E-01,7.81E-03,7.81E-03,7.81E-03
658,1.02E-02,1.02E-02,1.02E-02,1.02E-02,1.12E-01,1.02E-02,8.27E-01,1.02E-02
659,1.25E-01,1.25E-01,1.25E-01,1.25E-01,1.25E-01,1.25E-01,1.25E-01,1.25E-01
660,1.47E-02,1.47E-02,4.56E-01,1.47E-02,1.62E-01,1.47E-02,1.47E-02,3.09E-01
661,6.40E-02,3.35E-02,2.77E-01,3.69E-01,3.05E-03,1.86E-01,6.40E-02,3.05E-03
662,3.09E-01,1.47E-02,1.47E-02,1.47E-02,1.47E-02,1.47E-02,1.47E-02,6.03E-01
663,6.33E-03,4.49E-01,6.33E-03,6.33E-03,6.33E-03,1.33E-01,6.33E-03,3.86E-01
664,3.57E-02,3.57E-02,3.57E-02,3.57E-02,7.50E-01,3.57E-02,3.57E-02,3.57E-02
665,3.27E-01,3.60E-03,2.55E-01,3.60E-03,3.60E-03,2.19E-01,1.83E-01,3.60E-03
666,1.47E-02,7.50E-01,1.47E-02,1.47E-02,1.62E-01,1.47E-02,1.47E-02,1.47E-02
667,7.50E-01,3.57E-02,3.57E-02,3.57E-02,3.57E-02,3.57E-02,3.57E-02,3.57E-02
668,8.79E-01,1.72E-02,1.72E-02,1.72E-02,1.72E-02,1.72E-02,1.72E-02,1.72E-02
669,5.56E-02,5.56E-02,5.56E-02,5.56E-02,5.56E-02,5.56E-02,6.11E-01,5.56E-02
670,2.86E-01,1.25E-01,3.27E-01,4.03E-03,1.65E-01,4.03E-03,8.47E-02,4.03E-03
671,2.63E-02,2.63E-02,2.63E-02,2.63E-02,2.89E-01,2.63E-02,2.63E-02,5.53E-01
672,2.08E-02,2.08E-02,8.54E-01,2.08E-02,2.08E-02,2.08E-02,2.08E-02,2.08E-02
673,7.25E-03,7.25E-03,7.32E-01,7.97E-02,7.25E-03,1.52E-01,7.25E-03,7.25E-03
674,3.57E-02,3.57E-02,3.57E-02,3.93E-01,3.57E-02,3.57E-02,3.57E-02,3.93E-01
675,1.25E-01,1.14E-02,1.14E-02,5.80E-01,1.14E-02,1.14E-02,1.14E-02,2.39E-01
676,1.28E-02,1.28E-02,1.28E-02,2.69E-01,1.28E-02,1.41E-01,5.26E-01,1.28E-02
677,7.25E-03,7.97E-02,5.87E-01,2.25E-01,7.25E-03,7.97E-02,7.25E-03,7.25E-03
678,2.08E-02,2.08E-02,2.08E-02,2.08E-02,2.08E-02,8.54E-01,2.08E-02,2.08E-02
679,1.28E-02,1.28E-02,2.69E-01,1.28E-02,1.28E-02,1.28E-02,2.69E-01,3.97E-01
680,3.57E-02,3.57E-02,3.57E-02,3.57E-02,3.57E-02,3.93E-01,3.57E-02,3.93E-01
681,3.57E-02,3.57E-02,3.57E-02,3.57E-02,3.57E-02,7.50E-01,3.57E-02,3.57E-02
682,1.28E-02,3.97E-01,1.41E-01,1.28E-02,1.28E-02,1.28E-02,3.97E-01,1.28E-02
683,2.63E-02,2.63E-02,2.63E-02,2.63E-02,2.63E-02,8.16E-01,2.63E-02,2.63E-02
684,1.14E-02,1.14E-02,1.14E-02,1.14E-02,1.14E-02,1.14E-02,2.39E-01,6.93E-01
685,3.57E-02,3.57E-02,3.57E-02,3.57E-02,3.93E-01,3.57E-02,3.93E-01,3.57E-02
686,3.57E-02,3.57E-02,3.57E-02,3.57E-02,3.57E-02,7.50E-01,3.57E-02,3.57E-02
687,1.72E-02,1.72E-02,1.72E-02,1.72E-02,1.72E-02,5.34E-01,3.62E-01,1.72E-02
688,2.63E-02,2.63E-02,8.16E-01,2.63E-02,2.63E-02,2.63E-02,2.63E-02,2.63E-02
689,1.14E-02,6.93E-01,1.14E-02,1.14E-02,1.14E-02,1.14E-02,2.39E-01,1.14E-02
690,2.63E-02,2.63E-02,2.63E-02,2.63E-02,2.63E-02,2.89E-01,5.53E-01,2.63E-02
691,8.47E-03,2.63E-01,2.63E-01,4.32E-01,8.47E-03,8.47E-03,8.47E-03,8.47E-03
692,5.56E-02,5.56E-02,5.56E-02,5.56E-02,5.56E-02,6.11E-01,5.56E-02,5.56E-02
693,5.56E-02,5.56E-02,5.56E-02,5.56E-02,5.56E-02,5.56E-02,5.56E-02,6.11E-01
694,3.57E-02,3.57E-02,7.50E-01,3.57E-02,3.57E-02,3.57E-02,3.57E-02,3.57E-02
695,5.56E-02,5.56E-02,5.56E-02,5.56E-02,5.56E-02,6.11E-01,5.56E-02,5.56E-02
696,3.93E-01,3.57E-02,3.57E-02,3.57E-02,3.57E-02,3.93E-01,3.57E-02,3.57E-02
697,1.14E-02,1.14E-02,1.14E-02,1.14E-02,1.14E-02,9.20E-01,1.14E-02,1.14E-02
698,2.63E-02,2.89E-01,2.63E-02,2.63E-02,2.63E-02,5.53E-01,2.63E-02,2.63E-02
699,3.57E-02,3.57E-02,3.57E-02,3.57E-02,3.57E-02,3.57E-02,7.50E-01,3.57E-02
700,5.56E-02,5.56E-02,5.56E-02,5.56E-02,5.56E-02,5.56E-02,5.56E-02,6.11E-01
701,3.57E-02,3.57E-02,3.57E-02,3.57E-02,3.57E-02,3.93E-01,3.93E-01,3.57E-02
702,9.26E-03,9.26E-03,3.80E-01,4.72E-01,9.26E-03,9.26E-03,9.26E-03,1.02E-01
703,2.63E-02,2.63E-02,2.63E-02,2.63E-02,2.89E-01,2.89E-01,2.89E-01,2.63E-02
704,3.93E-01,3.57E-02,3.57E-02,3.57E-02,3.57E-02,3.57E-02,3.93E-01,3.57E-02
705,9.26E-03,1.02E-01,3.80E-01,9.26E-03,9.26E-03,9.26E-03,4.72E-01,9.26E-03
706,5.56E-02,5.56E-02,5.56E-02,5.56E-02,5.56E-02,5.56E-02,5.56E-02,6.11E-01
707,2.63E-02,8.16E-01,2.63E-02,2.63E-02,2.63E-02,2.63E-02,2.63E-02,2.63E-02
708,3.57E-02,3.93E-01,3.57E-02,3.57E-02,3.93E-01,3.57E-02,3.57E-02,3.57E-02
709,7.25E-03,7.25E-03,2.25E-01,7.25E-03,5.87E-01,1.52E-01,7.25E-03,7.25E-03
710,1.47E-02,1.47E-02,1.47E-02,1.62E-01,1.47E-02,1.47E-02,3.09E-01,4.56E-01
711,1.72E-02,1.72E-02,1.72E-02,3.62E-01,1.72E-02,5.34E-01,1.72E-02,1.72E-02
712,1.72E-02,1.72E-02,1.72E-02,1.72E-02,1.72E-02,8.79E-01,1.72E-02,1.72E-02
713,5.56E-02,6.11E-01,5.56E-02,5.56E-02,5.56E-02,5.56E-02,5.56E-02,5.56E-02
714,1.02E-02,1.02E-02,1.02E-02,1.02E-02,1.12E-01,1.02E-02,4.18E-01,4.18E-01
715,1.57E-01,5.05E-03,3.59E-01,5.05E-03,4.60E-01,5.05E-03,5.05E-03,5.05E-03
716,1.12E-01,5.32E-03,5.90E-01,5.32E-03,5.32E-03,1.65E-01,5.32E-03,1.12E-01
717,8.47E-03,9.32E-02,8.47E-03,8.47E-03,4.32E-01,1.78E-01,8.47E-03,2.63E-01
718,2.63E-02,2.63E-02,2.63E-02,2.63E-02,2.63E-02,2.63E-02,8.16E-01,2.63E-02
719,6.33E-03,6.96E-02,6.33E-03,2.59E-01,6.33E-03,6.33E-03,3.23E-01,3.23E-01
720,1.47E-02,1.47E-02,6.03E-01,3.09E-01,1.47E-02,1.47E-02,1.47E-02,1.47E-02
721,5.62E-03,5.62E-03,1.18E-01,6.24E-01,5.62E-03,1.74E-01,6.18E-02,5.62E-03
722,8.97E-01,1.47E-02,1.47E-02,1.47E-02,1.47E-02,1.47E-02,1.47E-02,1.47E-02
723,3.57E-02,3.57E-02,3.57E-02,3.57E-02,3.57E-02,3.57E-02,3.57E-02,7.50E-01
724,2.79E-03,2.79E-03,2.79E-03,5.87E-02,2.26E-01,4.78E-01,2.26E-01,2.79E-03
725,2.30E-01,3.43E-01,5.62E-03,5.62E-03,5.62E-03,1.18E-01,2.30E-01,6.18E-02
726,8.47E-03,8.47E-03,9.32E-02,8.47E-03,6.86E-01,9.32E-02,9.32E-02,8.47E-03
727,3.57E-02,7.50E-01,3.57E-02,3.57E-02,3.57E-02,3.57E-02,3.57E-02,3.57E-02
728,3.57E-02,3.57E-02,3.57E-02,3.57E-02,3.57E-02,7.50E-01,3.57E-02,3.57E-02
729,1.62E-01,3.09E-01,1.47E-02,1.47E-02,1.47E-02,1.47E-02,1.47E-02,4.56E-01
730,1.28E-02,1.28E-02,1.28E-02,1.28E-02,6.54E-01,1.28E-02,1.28E-02,2.69E-01
731,1.14E-02,4.66E-01,1.14E-02,1.14E-02,4.66E-01,1.14E-02,1.14E-02,1.14E-02
732,1.28E-02,1.28E-02,1.28E-02,2.69E-01,1.28E-02,3.97E-01,2.69E-01,1.28E-02
733,9.04E-01,5.62E-03,5.62E-03,5.62E-03,5.62E-03,5.62E-03,5.62E-03,6.18E-02
734,5.56E-02,5.56E-02,5.56E-02,5.56E-02,5.56E-02,5.56E-02,5.56E-02,6.11E-01
735,3.57E-02,7.50E-01,3.57E-02,3.57E-02,3.57E-02,3.57E-02,3.57E-02,3.57E-02
736,3.57E-02,3.93E-01,3.57E-02,3.57E-02,3.93E-01,3.57E-02,3.57E-02,3.57E-02
737,2.29E-01,2.08E-02,2.08E-02,2.08E-02,2.29E-01,2.08E-02,2.08E-02,4.37E-01
738,2.08E-02,2.08E-02,2.08E-02,6.46E-01,2.08E-02,2.08E-02,2.08E-02,2.29E-01
739,1.47E-02,7.50E-01,1.47E-02,1.47E-02,1.47E-02,1.47E-02,1.62E-01,1.47E-02
740,5.34E-01,1.72E-02,1.72E-02,3.62E-01,1.72E-02,1.72E-02,1.72E-02,1.72E-02
741,2.08E-02,2.08E-02,2.08E-02,2.08E-02,2.08E-02,2.08E-02,2.08E-02,8.54E-01
742,1.14E-02,1.14E-02,1.14E-02,1.25E-01,1.14E-02,1.14E-02,8.07E-01,1.14E-02
743,2.63E-02,5.53E-01,2.63E-02,2.63E-02,2.63E-02,2.63E-02,2.63E-02,2.89E-01
744,3.57E-02,3.57E-02,3.57E-02,3.57E-02,3.57E-02,7.50E-01,3.57E-02,3.57E-02
745,2.89E-01,5.02E-02,9.81E-02,2.39E-03,2.39E-03,4.33E-01,2.39E-03,1.22E-01
746,5.56E-02,5.56E-02,5.56E-02,5.56E-02,6.11E-01,5.56E-02,5.56E-02,5.56E-02
747,1.72E-02,5.34E-01,1.72E-02,1.72E-02,1.90E-01,1.72E-02,1.72E-02,1.90E-01
748,1.47E-02,1.47E-02,1.47E-02,1.47E-02,3.09E-01,6.03E-01,1.47E-02,1.47E-02
749,3.57E-02,3.57E-02,3.57E-02,3.57E-02,3.93E-01,3.57E-02,3.57E-02,3.93E-01
750,3.57E-02,7.50E-01,3.57E-02,3.57E-02,3.57E-02,3.57E-02,3.57E-02,3.57E-02
751,2.89E-01,2.63E-02,2.63E-02,2.63E-02,2.63E-02,5.53E-01,2.63E-02,2.63E-02
752,3.57E-02,3.57E-02,3.57E-02,3.57E-02,3.57E-02,3.93E-01,3.57E-02,3.93E-01
753,1.72E-02,1.72E-02,1.72E-02,1.72E-02,1.72E-02,1.90E-01,7.07E-01,1.72E-02
754,3.57E-02,3.57E-02,3.57E-02,3.57E-02,3.57E-02,3.57E-02,7.50E-01,3.57E-02
755,8.47E-03,8.47E-03,8.47E-03,9.41E-01,8.47E-03,8.47E-03,8.47E-03,8.47E-03
756,1.72E-02,1.72E-02,7.07E-01,1.72E-02,1.72E-02,1.72E-02,1.72E-02,1.90E-01
757,1.72E-02,1.72E-02,1.72E-02,5.34E-01,1.72E-02,1.72E-02,3.62E-01,1.72E-02
758,6.76E-03,6.76E-03,3.45E-01,4.12E-01,6.76E-03,2.09E-01,6.76E-03,6.76E-03
759,2.63E-02,5.53E-01,2.63E-02,2.89E-01,2.63E-02,2.63E-02,2.63E-02,2.63E-02
760,2.77E-01,6.76E-03,5.47E-01,6.76E-03,1.42E-01,6.76E-03,6.76E-03,6.76E-03
761,2.08E-02,2.08E-02,2.08E-02,2.08E-02,4.37E-01,2.08E-02,2.08E-02,4.37E-01
762,1.47E-02,1.62E-01,1.47E-02,1.47E-02,1.62E-01,1.47E-02,1.47E-02,6.03E-01
763,3.57E-02,3.57E-02,3.57E-02,3.57E-02,7.50E-01,3.57E-02,3.57E-02,3.57E-02
764,5.56E-02,5.56E-02,5.56E-02,5.56E-02,5.56E-02,5.56E-02,6.11E-01,5.56E-02
765,1.28E-02,1.28E-02,1.28E-02,3.97E-01,5.26E-01,1.28E-02,1.28E-02,1.28E-02
766,2.89E-01,2.63E-02,5.53E-01,2.63E-02,2.63E-02,2.63E-02,2.63E-02,2.63E-02
767,1.14E-02,1.14E-02,5.80E-01,1.14E-02,1.14E-02,2.39E-01,1.25E-01,1.14E-02
768,3.57E-02,3.57E-02,3.93E-01,3.57E-02,3.57E-02,3.57E-02,3.93E-01,3.57E-02
769,5.56E-02,5.56E-02,5.56E-02,5.56E-02,5.56E-02,6.11E-01,5.56E-02,5.56E-02
770,1.28E-02,3.97E-01,2.69E-01,2.69E-01,1.28E-02,1.28E-02,1.28E-02,1.28E-02
771,1.02E-01,1.02E-01,1.94E-01,1.02E-01,1.94E-01,9.26E-03,2.87E-01,9.26E-03
772,2.63E-02,2.63E-02,2.63E-02,2.63E-02,2.63E-02,5.53E-01,2.63E-02,2.89E-01
773,3.70E-01,7.25E-03,4.42E-01,7.25E-03,7.97E-02,7.25E-03,7.97E-02,7.25E-03
774,3.57E-02,3.57E-02,3.57E-02,3.57E-02,3.57E-02,3.57E-02,3.57E-02,7.50E-01
775,1.72E-02,1.72E-02,1.72E-02,8.79E-01,1.72E-02,1.72E-02,1.72E-02,1.72E-02
776,2.63E-02,2.63E-02,2.63E-02,2.63E-02,2.63E-02,8.16E-01,2.63E-02,2.63E-02
777,5.56E-02,5.56E-02,5.56E-02,5.56E-02,5.56E-02,5.56E-02,6.11E-01,5.56E-02
778,1.28E-02,1.28E-02,1.28E-02,1.28E-02,2.69E-01,1.28E-02,1.28E-02,6.54E-01
779,3.57E-02,3.57E-02,3.57E-02,3.57E-02,3.57E-02,7.50E-01,3.57E-02,3.57E-02
780,3.57E-02,3.57E-02,3.57E-02,3.57E-02,3.57E-02,3.57E-02,3.57E-02,7.50E-01
781,3.57E-02,3.93E-01,3.57E-02,3.93E-01,3.57E-02,3.57E-02,3.57E-02,3.57E-02
782,1.72E-02,1.72E-02,1.90E-01,7.07E-01,1.72E-02,1.72E-02,1.72E-02,1.72E-02
783,5.56E-02,5.56E-02,5.56E-02,5.56E-02,5.56E-02,5.56E-02,5.56E-02,6.11E-01
784,2.63E-02,8.16E-01,2.63E-02,2.63E-02,2.63E-02,2.63E-02,2.63E-02,2.63E-02
785,5.56E-02,5.56E-02,5.56E-02,5.56E-02,5.56E-02,5.56E-02,6.11E-01,5.56E-02
786,3.57E-02,3.57E-02,3.57E-02,3.57E-02,7.50E-01,3.57E-02,3.57E-02,3.57E-02
787,1.28E-02,1.28E-02,1.28E-02,1.28E-02,1.28E-02,5.26E-01,2.69E-01,1.41E-01
788,1.14E-02,1.14E-02,1.14E-02,1.14E-02,1.14E-02,2.39E-01,6.93E-01,1.14E-02
789,2.08E-02,2.08E-02,8.54E-01,2.08E-02,2.08E-02,2.08E-02,2.08E-02,2.08E-02
790,9.26E-03,2.87E-01,5.65E-01,9.26E-03,9.26E-03,1.02E-01,9.26E-03,9.26E-03
791,2.63E-02,2.63E-02,2.63E-02,8.16E-01,2.63E-02,2.63E-02,2.63E-02,2.63E-02
792,2.63E-02,2.63E-02,2.63E-02,2.89E-01,2.63E-02,2.63E-02,2.63E-02,5.53E-01
793,1.14E-02,1.14E-02,3.52E-01,1.14E-02,1.14E-02,1.14E-02,5.80E-01,1.14E-02
794,9.26E-03,9.26E-03,8.43E-01,9.26E-03,9.26E-03,9.26E-03,1.02E-01,9.26E-03
795,4.20E-03,4.20E-03,2.14E-01,4.20E-03,1.30E-01,4.20E-03,4.66E-01,1.72E-01
796,3.09E-01,1.47E-02,6.03E-01,1.47E-02,1.47E-02,1.47E-02,1.47E-02,1.47E-02
797,2.08E-02,2.08E-02,2.29E-01,2.08E-02,6.46E-01,2.08E-02,2.08E-02,2.08E-02
798,3.57E-02,3.57E-02,3.57E-02,3.93E-01,3.57E-02,3.57E-02,3.93E-01,3.57E-02
799,3.57E-02,3.57E-02,3.57E-02,3.57E-02,3.57E-02,3.57E-02,3.93E-01,3.93E-01
800,3.57E-02,3.57E-02,7.50E-01,3.57E-02,3.57E-02,3.57E-02,3.57E-02,3.57E-02
801,9.26E-03,9.26E-03,9.26E-03,1.94E-01,9.26E-03,7.50E-01,9.26E-03,9.26E-03
802,1.72E-02,1.72E-02,7.07E-01,1.90E-01,1.72E-02,1.72E-02,1.72E-02,1.72E-02
803,2.08E-02,2.08E-02,6.46E-01,2.08E-02,2.08E-02,2.08E-02,2.08E-02,2.29E-01
804,1.90E-01,1.72E-02,1.72E-02,1.72E-02,7.07E-01,1.72E-02,1.72E-02,1.72E-02
805,2.63E-02,2.63E-02,2.89E-01,2.63E-02,2.63E-02,5.53E-01,2.63E-02,2.63E-02
806,2.63E-02,2.63E-02,2.63E-02,2.63E-02,2.63E-02,2.63E-02,8.16E-01,2.63E-02
807,2.08E-02,2.08E-02,2.08E-02,2.08E-02,2.08E-02,2.08E-02,8.54E-01,2.08E-02
808,5.56E-02,5.56E-02,6.11E-01,5.56E-02,5.56E-02,5.56E-02,5.56E-02,5.56E-02
809,6.55E-02,6.55E-02,3.04E-01,5.95E-03,6.55E-02,4.23E-01,5.95E-03,6.55E-02
810,1.25E-01,2.44E-01,5.95E-03,5.95E-03,6.55E-02,5.95E-03,5.42E-01,5.95E-03
811,6.46E-01,2.29E-01,2.08E-02,2.08E-02,2.08E-02,2.08E-02,2.08E-02,2.08E-02
812,2.63E-02,2.63E-02,2.89E-01,5.53E-01,2.63E-02,2.63E-02,2.63E-02,2.63E-02
813,7.81E-03,3.20E-01,4.77E-01,8.59E-02,7.81E-03,7.81E-03,8.59E-02,7.81E-03
814,1.47E-02,8.97E-01,1.47E-02,1.47E-02,1.47E-02,1.47E-02,1.47E-02,1.47E-02
815,4.66E-01,1.14E-02,1.14E-02,1.14E-02,3.52E-01,1.14E-02,1.25E-01,1.14E-02
816,1.25E-01,1.25E-01,1.25E-01,1.25E-01,1.25E-01,1.25E-01,1.25E-01,1.25E-01
817,1.72E-02,1.72E-02,5.34E-01,1.72E-02,1.72E-02,1.72E-02,1.72E-02,3.62E-01
818,1.41E-01,1.28E-02,5.26E-01,1.28E-02,1.28E-02,1.28E-02,1.28E-02,2.69E-01
819,2.08E-02,2.08E-02,4.37E-01,2.08E-02,2.08E-02,2.08E-02,2.08E-02,4.37E-01
820,5.56E-02,5.56E-02,5.56E-02,5.56E-02,5.56E-02,5.56E-02,6.11E-01,5.56E-02
821,3.09E-01,1.47E-02,1.47E-02,6.03E-01,1.47E-02,1.47E-02,1.47E-02,1.47E-02
822,8.54E-01,2.08E-02,2.08E-02,2.08E-02,2.08E-02,2.08E-02,2.08E-02,2.08E-02
823,5.56E-02,5.56E-02,5.56E-02,5.56E-02,5.56E-02,5.56E-02,5.56E-02,6.11E-01
824,2.63E-02,2.63E-02,2.63E-02,5.53E-01,2.89E-01,2.63E-02,2.63E-02,2.63E-02
825,4.72E-01,9.26E-03,9.26E-03,9.26E-03,9.26E-03,9.26E-03,4.72E-01,9.26E-03
826,8.47E-03,8.47E-03,2.63E-01,8.47E-03,8.47E-03,8.47E-03,6.86E-01,8.47E-03
827,1.47E-02,1.47E-02,1.47E-02,3.09E-01,1.47E-02,6.03E-01,1.47E-02,1.47E-02
828,2.08E-02,2.08E-02,4.37E-01,2.08E-02,2.29E-01,2.29E-01,2.08E-02,2.08E-02
829,2.89E-01,2.63E-02,2.63E-02,2.63E-02,2.63E-02,5.53E-01,2.63E-02,2.63E-02
830,5.56E-02,5.56E-02,5.56E-02,5.56E-02,5.56E-02,6.11E-01,5.56E-02,5.56E-02
831,5.56E-02,5.56E-02,5.56E-02,5.56E-02,5.56E-02,5.56E-02,6.11E-01,5.56E-02
832,4.37E-01,2.08E-02,2.08E-02,2.08E-02,2.08E-02,2.08E-02,4.37E-01,2.08E-02
833,1.47E-02,1.47E-02,6.03E-01,1.47E-02,1.47E-02,1.47E-02,1.47E-02,3.09E-01
834,3.57E-02,3.57E-02,3.57E-02,3.93E-01,3.57E-02,3.57E-02,3.93E-01,3.57E-02
835,9.26E-03,1.94E-01,1.94E-01,9.26E-03,2.87E-01,1.02E-01,1.94E-01,9.26E-03
836,5.56E-02,5.56E-02,5.56E-02,5.56E-02,5.56E-02,5.56E-02,6.11E-01,5.56E-02
837,3.57E-02,3.57E-02,3.57E-02,3.57E-02,3.93E-01,3.57E-02,3.93E-01,3.57E-02
838,1.72E-02,1.72E-02,7.07E-01,1.72E-02,1.90E-01,1.72E-02,1.72E-02,1.72E-02
839,5.56E-02,5.56E-02,5.56E-02,6.11E-01,5.56E-02,5.56E-02,5.56E-02,5.56E-02
840,3.57E-02,3.57E-02,3.57E-02,7.50E-01,3.57E-02,3.57E-02,3.57E-02,3.57E-02
841,3.57E-02,3.57E-02,3.57E-02,3.57E-02,7.50E-01,3.57E-02,3.57E-02,3.57E-02
842,2.63E-02,2.63E-02,2.63E-02,2.63E-02,2.63E-02,2.63E-02,2.63E-02,8.16E-01
843,3.57E-02,3.57E-02,3.57E-02,3.57E-02,3.57E-02,3.57E-02,3.57E-02,7.50E-01
844,3.57E-02,3.57E-02,3.93E-01,3.57E-02,3.57E-02,3.57E-02,3.93E-01,3.57E-02
845,3.57E-02,3.57E-02,3.57E-02,3.57E-02,3.57E-02,7.50E-01,3.57E-02,3.57E-02
846,1.72E-02,1.72E-02,1.72E-02,1.72E-02,3.62E-01,5.34E-01,1.72E-02,1.72E-02
847,2.08E-02,2.08E-02,8.54E-01,2.08E-02,2.08E-02,2.08E-02,2.08E-02,2.08E-02
848,1.49E-01,4.81E-03,5.34E-01,1.49E-01,4.81E-03,4.81E-03,1.49E-01,4.81E-03
849,1.90E-01,1.72E-02,5.34E-01,1.90E-01,1.72E-02,1.72E-02,1.72E-02,1.72E-02
850,2.72E-03,5.71E-02,4.92E-01,2.72E-03,3.29E-01,1.11E-01,2.72E-03,2.72E-03
851,9.26E-03,9.26E-03,1.94E-01,1.02E-01,9.26E-03,4.72E-01,1.94E-01,9.26E-03
852,7.50E-01,3.57E-02,3.57E-02,3.57E-02,3.57E-02,3.57E-02,3.57E-02,3.57E-02
853,1.14E-02,1.14E-02,1.14E-02,1.14E-02,5.80E-01,2.39E-01,1.14E-02,1.25E-01
854,2.08E-02,2.08E-02,2.08E-02,2.08E-02,2.08E-02,8.54E-01,2.08E-02,2.08E-02
855,3.57E-02,7.50E-01,3.57E-02,3.57E-02,3.57E-02,3.57E-02,3.57E-02,3.57E-02
856,5.32E-03,1.65E-01,4.84E-01,5.32E-03,5.32E-03,5.32E-03,3.24E-01,5.32E-03
857,3.57E-02,3.57E-02,3.57E-02,3.57E-02,3.93E-01,3.57E-02,3.93E-01,3.57E-02
858,9.26E-03,1.02E-01,9.26E-03,7.50E-01,1.02E-01,9.26E-03,9.26E-03,9.26E-03
859,1.41E-01,1.28E-02,1.28E-02,1.28E-02,1.28E-02,1.28E-02,7.82E-01,1.28E-02
860,1.42E-01,5.59E-01,3.82E-02,1.08E-01,1.42E-01,3.47E-03,3.47E-03,3.47E-03
861,5.56E-02,5.56E-02,5.56E-02,5.56E-02,5.56E-02,5.56E-02,6.11E-01,5.56E-02
862,5.56E-02,5.56E-02,5.56E-02,6.11E-01,5.56E-02,5.56E-02,5.56E-02,5.56E-02
863,9.26E-03,3.80E-01,2.87E-01,9.26E-03,9.26E-03,9.26E-03,2.87E-01,9.26E-03
864,3.93E-01,3.57E-02,3.57E-02,3.57E-02,3.93E-01,3.57E-02,3.57E-02,3.57E-02
865,1.72E-02,7.07E-01,1.90E-01,1.72E-02,1.72E-02,1.72E-02,1.72E-02,1.72E-02
866,5.56E-02,5.56E-02,5.56E-02,5.56E-02,5.56E-02,6.11E-01,5.56E-02,5.56E-02
867,1.90E-01,3.62E-01,3.62E-01,1.72E-02,1.72E-02,1.72E-02,1.72E-02,1.72E-02
868,6.54E-01,1.28E-02,1.28E-02,1.28E-02,1.28E-02,1.28E-02,1.28E-02,2.69E-01
869,6.11E-01,5.56E-02,5.56E-02,5.56E-02,5.56E-02,5.56E-02,5.56E-02,5.56E-02
870,2.63E-02,2.63E-02,2.89E-01,2.63E-02,5.53E-01,2.63E-02,2.63E-02,2.63E-02
871,6.33E-03,3.86E-01,6.33E-03,5.13E-01,6.33E-03,6.96E-02,6.33E-03,6.33E-03
872,2.63E-02,2.63E-02,2.63E-02,2.63E-02,8.16E-01,2.63E-02,2.63E-02,2.63E-02
873,3.57E-02,3.57E-02,3.57E-02,3.57E-02,3.57E-02,3.57E-02,7.50E-01,3.57E-02
874,3.57E-02,3.57E-02,3.57E-02,3.57E-02,7.50E-01,3.57E-02,3.57E-02,3.57E-02
875,2.29E-01,2.08E-02,2.08E-02,2.08E-02,2.08E-02,4.37E-01,2.08E-02,2.29E-01
876,1.47E-02,1.47E-02,8.97E-01,1.47E-02,1.47E-02,1.47E-02,1.47E-02,1.47E-02
877,2.08E-02,2.29E-01,2.08E-02,2.08E-02,2.29E-01,2.29E-01,2.29E-01,2.08E-02
878,5.56E-02,5.56E-02,5.56E-02,5.56E-02,5.56E-02,5.56E-02,6.11E-01,5.56E-02
879,2.08E-02,2.29E-01,2.29E-01,2.08E-02,2.08E-02,2.08E-02,2.08E-02,4.37E-01
880,3.93E-01,3.57E-02,3.57E-02,3.93E-01,3.57E-02,3.57E-02,3.57E-02,3.57E-02
881,2.89E-01,2.89E-01,2.63E-02,2.63E-02,2.89E-01,2.63E-02,2.63E-02,2.63E-02
882,1.47E-02,1.47E-02,1.47E-02,4.56E-01,1.47E-02,4.56E-01,1.47E-02,1.47E-02
883,3.93E-01,3.93E-01,3.57E-02,3.57E-02,3.57E-02,3.57E-02,3.57E-02,3.57E-02
884,1.72E-02,3.62E-01,1.90E-01,1.72E-02,1.72E-02,1.72E-02,3.62E-01,1.72E-02
885,3.45E-01,6.76E-03,6.76E-03,4.80E-01,6.76E-03,6.76E-03,1.42E-01,6.76E-03
886,3.57E-02,3.57E-02,3.57E-02,3.57E-02,3.57E-02,3.57E-02,3.57E-02,7.50E-01
887,6.33E-03,6.33E-03,6.33E-03,6.33E-03,7.66E-01,6.33E-03,1.96E-01,6.33E-03
888,2.08E-02,2.08E-02,8.54E-01,2.08E-02,2.08E-02,2.08E-02,2.08E-02,2.08E-02
889,3.57E-02,3.57E-02,3.57E-02,3.93E-01,3.93E-01,3.57E-02,3.57E-02,3.57E-02
890,1.47E-02,1.47E-02,1.47E-02,7.50E-01,1.62E-01,1.47E-02,1.47E-02,1.47E-02
891,2.63E-02,2.63E-02,2.63E-02,2.63E-02,2.63E-02,5.53E-01,2.89E-01,2.63E-02
892,2.08E-02,2.08E-02,2.08E-02,2.08E-02,2.08E-02,6.46E-01,2.29E-01,2.08E-02
893,2.08E-02,2.08E-02,2.08E-02,8.54E-01,2.08E-02,2.08E-02,2.08E-02,2.08E-02
894,1.14E-02,1.14E-02,1.14E-02,1.14E-02,8.07E-01,1.14E-02,1.14E-02,1.25E-01
895,1.14E-02,1.14E-02,1.25E-01,8.07E-01,1.14E-02,1.14E-02,1.14E-02,1.14E-02
896,3.57E-02,3.57E-02,3.57E-02,3.57E-02,3.57E-02,3.57E-02,3.57E-02,7.50E-01
897,6.11E-01,5.56E-02,5.56E-02,5.56E-02,5.56E-02,5.56E-02,5.56E-02,5.56E-02
898,2.63E-02,2.89E-01,2.63E-02,2.63E-02,2.63E-02,2.63E-02,2.89E-01,2.89E-01
899,1.14E-02,1.14E-02,1.14E-02,3.52E-01,1.14E-02,2.39E-01,1.14E-02,3.52E-01
900,3.57E-02,3.57E-02,3.57E-02,3.57E-02,7.50E-01,3.57E-02,3.57E-02,3.57E-02
901,3.57E-02,3.57E-02,3.57E-02,3.57E-02,3.57E-02,7.50E-01,3.57E-02,3.57E-02
902,2.63E-02,2.63E-02,2.63E-02,8.16E-01,2.63E-02,2.63E-02,2.63E-02,2.63E-02
903,5.56E-02,5.56E-02,5.56E-02,6.11E-01,5.56E-02,5.56E-02,5.56E-02,5.56E-02
904,2.08E-02,2.08E-02,2.08E-02,2.29E-01,2.08E-02,6.46E-01,2.08E-02,2.08E-02
905,2.63E-02,2.63E-02,2.63E-02,2.89E-01,2.89E-01,2.63E-02,2.89E-01,2.63E-02
906,3.80E-01,1.94E-01,9.26E-03,9.26E-03,9.26E-03,9.26E-03,3.80E-01,9.26E-03
907,2.63E-02,2.63E-02,2.63E-02,2.63E-02,2.63E-02,8.16E-01,2.63E-02,2.63E-02
908,5.56E-02,5.56E-02,5.56E-02,5.56E-02,5.56E-02,5.56E-02,6.11E-01,5.56E-02
909,5.62E-03,5.62E-03,5.62E-03,5.62E-03,6.24E-01,5.62E-03,3.43E-01,5.62E-03
910,2.63E-02,2.63E-02,5.53E-01,2.63E-02,2.89E-01,2.63E-02,2.63E-02,2.63E-02
911,1.14E-02,1.14E-02,1.14E-02,1.14E-02,6.93E-01,1.14E-02,1.14E-02,2.39E-01
912,2.63E-02,2.63E-02,2.63E-02,2.63E-02,5.53E-01,2.63E-02,2.63E-02,2.89E-01
913,1.25E-01,1.25E-01,1.25E-01,1.25E-01,1.25E-01,1.25E-01,1.25E-01,1.25E-01
914,2.63E-02,2.63E-02,2.63E-02,2.63E-02,2.63E-02,2.63E-02,2.63E-02,8.16E-01
915,4.81E-03,4.81E-03,4.81E-03,4.86E-01,1.97E-01,4.81E-03,2.93E-01,4.81E-03
916,3.57E-02,3.57E-02,3.57E-02,3.57E-02,7.50E-01,3.57E-02,3.57E-02,3.57E-02
917,2.63E-02,2.63E-02,2.63E-02,2.63E-02,2.63E-02,2.63E-02,2.63E-02,8.16E-01
918,2.63E-02,2.63E-02,2.89E-01,2.63E-02,2.63E-02,2.63E-02,2.89E-01,2.89E-01
919,5.26E-01,1.28E-02,1.41E-01,1.41E-01,1.28E-02,1.28E-02,1.28E-02,1.41E-01
920,2.63E-02,2.63E-02,2.63E-02,8.16E-01,2.63E-02,2.63E-02,2.63E-02,2.63E-02
921,1.90E-01,1.72E-02,7.07E-01,1.72E-02,1.72E-02,1.72E-02,1.72E-02,1.72E-02
922,1.72E-02,1.90E-01,5.34E-01,1.72E-02,1.72E-02,1.72E-02,1.90E-01,1.72E-02
923,1.47E-02,1.47E-02,1.47E-02,4.56E-01,1.47E-02,1.47E-02,4.56E-01,1.47E-02
924,2.63E-02,2.63E-02,2.89E-01,2.63E-02,2.89E-01,2.63E-02,2.63E-02,2.89E-01
925,3.57E-02,3.57E-02,3.57E-02,7.50E-01,3.57E-02,3.57E-02,3.57E-02,3.57E-02
926,3.57E-02,3.93E-01,3.57E-02,3.57E-02,3.57E-02,3.57E-02,3.57E-02,3.93E-01
927,1.72E-02,1.72E-02,1.72E-02,1.72E-02,1.72E-02,3.62E-01,1.72E-02,5.34E-01
928,2.08E-02,2.08E-02,8.54E-01,2.08E-02,2.08E-02,2.08E-02,2.08E-02,2.08E-02
929,4.87E-01,4.39E-03,4.39E-03,4.39E-03,2.24E-01,2.68E-01,4.39E-03,4.39E-03
930,2.89E-01,2.63E-02,2.63E-02,2.63E-02,2.63E-02,2.63E-02,5.53E-01,2.63E-02
931,1.28E-02,1.28E-02,2.69E-01,1.28E-02,5.26E-01,1.28E-02,1.28E-02,1.41E-01
932,2.63E-02,2.63E-02,2.63E-02,2.63E-02,2.63E-02,2.63E-02,2.63E-02,8.16E-01
933,4.66E-01,1.14E-02,1.25E-01,1.14E-02,1.14E-02,1.14E-02,1.14E-02,3.52E-01
934,3.57E-02,3.57E-02,3.57E-02,3.93E-01,3.57E-02,3.57E-02,3.57E-02,3.93E-01
935,3.57E-02,3.57E-02,3.57E-02,3.57E-02,3.57E-02,3.93E-01,3.57E-02,3.93E-01
936,8.47E-03,1.78E-01,8.47E-03,2.63E-01,5.17E-01,8.47E-03,8.47E-03,8.47E-03
937,2.08E-02,2.08E-02,2.08E-02,2.08E-02,2.08E-02,2.08E-02,2.29E-01,6.46E-01
938,2.63E-02,2.63E-02,2.63E-02,8.16E-01,2.63E-02,2.63E-02,2.63E-02,2.63E-02
939,3.70E-01,7.25E-03,7.97E-02,7.25E-03,7.25E-03,7.97E-02,7.25E-03,4.42E-01
940,1.72E-02,1.72E-02,1.72E-02,1.90E-01,1.72E-02,1.72E-02,1.72E-02,7.07E-01
941,1.72E-02,3.62E-01,5.34E-01,1.72E-02,1.72E-02,1.72E-02,1.72E-02,1.72E-02
942,1.47E-02,1.62E-01,4.56E-01,1.47E-02,3.09E-01,1.47E-02,1.47E-02,1.47E-02
943,2.08E-02,2.08E-02,2.08E-02,2.08E-02,2.08E-02,2.08E-02,8.54E-01,2.08E-02
944,4.87E-01,1.36E-01,4.39E-03,4.39E-03,4.39E-03,4.39E-03,4.39E-03,3.55E-01
945,3.57E-02,3.57E-02,3.57E-02,3.57E-02,3.57E-02,3.57E-02,3.57E-02,7.50E-01
946,7.50E-01,1.47E-02,1.47E-02,1.47E-02,1.47E-02,1.47E-02,1.47E-02,1.62E-01
947,8.59E-02,6.33E-01,7.81E-03,7.81E-03,7.81E-03,2.42E-01,7.81E-03,7.81E-03
948,5.56E-02,5.56E-02,5.56E-02,5.56E-02,5.56E-02,5.56E-02,6.11E-01,5.56E-02
949,1.14E-02,1.14E-02,1.14E-02,1.14E-02,1.14E-02,9.20E-01,1.14E-02,1.14E-02
950,1.41E-01,1.28E-02,1.28E-02,2.69E-01,1.28E-02,1.28E-02,1.28E-02,5.26E-01
951,2.30E-01,3.43E-01,5.62E-03,3.99E-01,5.62E-03,5.62E-03,5.62E-03,5.62E-03
952,2.63E-02,2.63E-02,2.89E-01,2.63E-02,2.63E-02,5.53E-01,2.63E-02,2.63E-02
953,1.47E-02,1.47E-02,1.47E-02,1.47E-02,1.47E-02,3.09E-01,1.47E-02,6.03E-01
954,2.08E-02,2.08E-02,6.46E-01,2.08E-02,2.08E-02,2.08E-02,2.08E-02,2.29E-01
955,5.32E-03,5.37E-01,5.32E-03,1.12E-01,5.32E-03,5.32E-03,2.18E-01,1.12E-01
956,3.57E-02,7.50E-01,3.57E-02,3.57E-02,3.57E-02,3.57E-02,3.57E-02,3.57E-02
957,5.56E-02,5.56E-02,5.56E-02,5.56E-02,5.56E-02,5.56E-02,5.56E-02,6.11E-01
958,1.25E-01,1.14E-02,1.14E-02,1.14E-02,8.07E-01,1.14E-02,1.14E-02,1.14E-02
959,1.72E-02,1.72E-02,1.72E-02,8.79E-01,1.72E-02,1.72E-02,1.72E-02,1.72E-02
960,1.90E-01,1.72E-02,1.72E-02,1.72E-02,1.72E-02,1.72E-02,1.72E-02,7.07E-01
961,1.14E-02,1.14E-02,1.14E-02,3.52E-01,1.14E-02,5.80E-01,1.14E-02,1.14E-02
962,5.56E-02,5.56E-02,5.56E-02,5.56E-02,5.56E-02,5.56E-02,6.11E-01,5.56E-02
963,5.53E-01,2.63E-02,2.63E-02,2.63E-02,2.63E-02,2.63E-02,2.89E-01,2.63E-02
964,9.26E-03,9.26E-03,9.26E-03,9.26E-03,9.26E-03,9.35E-01,9.26E-03,9.26E-03
965,5.63E-01,3.73E-03,3.77E-01,3.73E-03,4.10E-02,3.73E-03,3.73E-03,3.73E-03
966,5.56E-02,6.11E-01,5.56E-02,5.56E-02,5.56E-02,5.56E-02,5.56E-02,5.56E-02
967,1.90E-01,1.72E-02,1.72E-02,7.07E-01,1.72E-02,1.72E-02,1.72E-02,1.72E-02
968,5.56E-02,5.56E-02,5.56E-02,5.56E-02,5.56E-02,5.56E-02,6.11E-01,5.56E-02
969,2.08E-02,2.08E-02,2.08E-02,2.08E-02,2.08E-02,2.29E-01,6.46E-01,2.08E-02
970,2.63E-02,2.63E-02,2.63E-02,2.63E-02,2.63E-02,8.16E-01,2.63E-02,2.63E-02
971,5.56E-02,5.56E-02,5.56E-02,5.56E-02,5.56E-02,5.56E-02,5.56E-02,6.11E-01
972,3.93E-01,3.93E-01,3.57E-02,3.57E-02,3.57E-02,3.57E-02,3.57E-02,3.57E-02
973,2.63E-02,2.89E-01,2.89E-01,2.63E-02,2.63E-02,2.89E-01,2.63E-02,2.63E-02
974,1.42E-01,4.59E-03,5.09E-01,1.42E-01,4.59E-03,4.59E-03,4.59E-03,1.88E-01
975,9.26E-03,9.26E-03,3.80E-01,9.26E-03,9.26E-03,3.80E-01,9.26E-03,1.94E-01
976,3.57E-02,3.57E-02,3.57E-02,3.57E-02,3.57E-02,3.57E-02,7.50E-01,3.57E-02
977,1.72E-02,1.72E-02,8.79E-01,1.72E-02,1.72E-02,1.72E-02,1.72E-02,1.72E-02
978,2.08E-02,2.08E-02,2.08E-02,2.08E-02,8.54E-01,2.08E-02,2.08E-02,2.08E-02
979,1.28E-02,2.69E-01,1.28E-02,1.28E-02,1.28E-02,1.28E-02,2.69E-01,3.97E-01
980,5.56E-02,5.56E-02,5.56E-02,5.56E-02,5.56E-02,6.11E-01,5.56E-02,5.56E-02
981,2.63E-02,2.63E-02,2.63E-02,2.63E-02,2.63E-02,2.63E-02,2.63E-02,8.16E-01
982,7.50E-01,3.57E-02,3.57E-02,3.57E-02,3.57E-02,3.57E-02,3.57E-02,3.57E-02
983,2.08E-02,2.08E-02,2.08E-02,2.29E-01,4.37E-01,2.29E-01,2.08E-02,2.08E-02
984,1.47E-02,1.47E-02,1.47E-02,8.97E-01,1.47E-02,1.47E-02,1.47E-02,1.47E-02
985,1.28E-02,1.28E-02,1.41E-01,1.41E-01,1.41E-01,1.28E-02,1.28E-02,5.26E-01
986,2.08E-02,2.08E-02,2.08E-02,2.08E-02,6.46E-01,2.29E-01,2.08E-02,2.08E-02
987,8.47E-03,8.47E-03,8.47E-03,8.47E-03,2.63E-01,2.63E-01,8.47E-03,4.32E-01
988,3.57E-02,3.57E-02,3.57E-02,3.57E-02,3.57E-02,3.57E-02,3.57E-02,7.50E-01
989,2.63E-02,2.63E-02,8.16E-01,2.63E-02,2.63E-02,2.63E-02,2.63E-02,2.63E-02
990,2.63E-02,2.63E-02,8.16E-01,2.63E-02,2.63E-02,2.63E-02,2.63E-02,2.63E-02
991,1.25E-01,1.25E-01,1.25E-01,1.25E-01,1.25E-01,1.25E-01,1.25E-01,1.25E-01
992,3.57E-02,3.57E-02,3.57E-02,3.93E-01,3.93E-01,3.57E-02,3.57E-02,3.57E-02
993,7.07E-01,1.72E-02,1.72E-02,1.72E-02,1.72E-02,1.90E-01,1.72E-02,1.72E-02
994,1.47E-02,3.09E-01,1.47E-02,1.47E-02,1.62E-01,1.47E-02,1.47E-02,4.56E-01
995,3.57E-02,3.57E-02,3.57E-02,7.50E-01,3.57E-02,3.57E-02,3.57E-02,3.57E-02
996,8.47E-03,8.47E-03,2.63E-01,8.47E-03,8.47E-03,6.86E-01,8.47E-03,8.47E-03
997,3.57E-02,3.57E-02,3.57E-02,3.57E-02,3.57E-02,7.50E-01,3.57E-02,3.57E-02
998,5.56E-02,5.56E-02,6.11E-01,5.56E-02,5.56E-02,5.56E-02,5.56E-02,5.56E-02
999,1.90E-01,1.72E-02,1.90E-01,1.72E-02,1.72E-02,1.72E-02,1.72E-02,5.34E-01
1000,2.63E-02,2.63E-02,2.63E-02,2.63E-02,2.63E-02,2.63E-02,2.63E-02,8.16E-01
1001,2.63E-02,2.63E-02,8.16E-01,2.63E-02,2.63E-02,2.63E-02,2.63E-02,2.63E-02
1002,2.63E-02,2.63E-02,2.63E-02,2.63E-02,5.53E-01,2.89E-01,2.63E-02,2.63E-02
1003,1.14E-02,1.14E-02,1.14E-02,1.14E-02,9.20E-01,1.14E-02,1.14E-02,1.14E-02
1004,1.02E-02,1.02E-02,1.02E-02,1.02E-02,1.12E-01,1.02E-02,1.02E-02,8.27E-01
1005,5.56E-02,6.11E-01,5.56E-02,5.56E-02,5.56E-02,5.56E-02,5.56E-02,5.56E-02
1006,3.09E-01,3.09E-01,1.47E-02,1.62E-01,1.47E-02,1.62E-01,1.47E-02,1.47E-02
1007,1.47E-02,1.47E-02,1.47E-02,6.03E-01,1.47E-02,3.09E-01,1.47E-02,1.47E-02
1008,5.32E-03,5.32E-03,5.32E-03,2.18E-01,3.78E-01,5.32E-03,3.78E-01,5.32E-03
1009,3.57E-02,3.57E-02,3.93E-01,3.93E-01,3.57E-02,3.57E-02,3.57E-02,3.57E-02
1010,5.56E-02,5.56E-02,5.56E-02,6.11E-01,5.56E-02,5.56E-02,5.56E-02,5.56E-02
1011,8.47E-03,9.32E-02,2.63E-01,1.78E-01,4.32E-01,8.47E-03,8.47E-03,8.47E-03
1012,2.58E-01,5.05E-03,5.56E-02,5.56E-02,5.05E-03,5.05E-03,5.05E-03,6.11E-01
1013,1.28E-02,1.28E-02,1.28E-02,1.28E-02,1.28E-02,1.28E-02,1.28E-02,9.10E-01
1014,7.50E-01,5.32E-03,2.18E-01,5.32E-03,5.32E-03,5.32E-03,5.32E-03,5.32E-03
1015,5.80E-01,1.14E-02,1.14E-02,3.52E-01,1.14E-02,1.14E-02,1.14E-02,1.14E-02
1016,2.63E-02,2.63E-02,2.63E-02,2.63E-02,8.16E-01,2.63E-02,2.63E-02,2.63E-02
1017,1.72E-02,1.72E-02,8.79E-01,1.72E-02,1.72E-02,1.72E-02,1.72E-02,1.72E-02
1018,1.14E-02,1.14E-02,1.14E-02,1.14E-02,3.52E-01,5.80E-01,1.14E-02,1.14E-02
1019,4.59E-03,3.72E-01,4.59E-03,2.34E-01,4.59E-03,4.59E-03,2.80E-01,9.63E-02
1020,5.56E-02,5.56E-02,5.56E-02,5.56E-02,5.56E-02,5.56E-02,5.56E-02,6.11E-01
1021,1.47E-02,1.47E-02,1.47E-02,1.47E-02,1.47E-02,1.47E-02,6.03E-01,3.09E-01
1022,2.65E-03,5.58E-01,2.65E-03,3.73E-01,2.65E-03,2.65E-03,2.65E-03,5.56E-02
1023,6.33E-03,6.33E-03,6.33E-03,6.33E-03,3.23E-01,6.33E-03,6.33E-03,6.39E-01
1024,7.81E-03,7.81E-03,3.98E-01,7.81E-03,3.20E-01,2.42E-01,7.81E-03,7.81E-03
1025,2.63E-02,2.63E-02,2.63E-02,5.53E-01,2.63E-02,2.63E-02,2.63E-02,2.89E-01
1026,2.63E-02,8.16E-01,2.63E-02,2.63E-02,2.63E-02,2.63E-02,2.63E-02,2.63E-02
1027,4.03E-03,4.03E-03,4.03E-03,2.86E-01,4.03E-03,6.49E-01,4.03E-03,4.44E-02
1028,6.76E-03,6.76E-03,6.76E-03,5.47E-01,6.76E-03,6.76E-03,6.76E-03,4.12E-01
1029,7.81E-03,7.81E-03,7.81E-03,8.67E-01,8.59E-02,7.81E-03,7.81E-03,7.81E-03
1030,3.57E-02,3.57E-02,3.57E-02,3.93E-01,3.57E-02,3.57E-02,3.93E-01,3.57E-02
1031,3.57E-02,3.93E-01,3.57E-02,3.93E-01,3.57E-02,3.57E-02,3.57E-02,3.57E-02
1032,3.57E-02,3.57E-02,3.57E-02,3.57E-02,3.57E-02,3.57E-02,7.50E-01,3.57E-02
1033,2.63E-02,2.63E-02,2.63E-02,8.16E-01,2.63E-02,2.63E-02,2.63E-02,2.63E-02
1034,3.57E-02,3.57E-02,3.57E-02,3.57E-02,3.93E-01,3.57E-02,3.93E-01,3.57E-02
1035,5.56E-02,5.56E-02,5.56E-02,5.56E-02,6.11E-01,5.56E-02,5.56E-02,5.56E-02
1036,1.47E-02,1.47E-02,3.09E-01,1.62E-01,4.56E-01,1.47E-02,1.47E-02,1.47E-02
1037,9.26E-03,9.26E-03,9.26E-03,5.65E-01,9.26E-03,1.94E-01,9.26E-03,1.94E-01
1038,1.14E-02,1.14E-02,1.14E-02,1.14E-02,1.14E-02,1.14E-02,1.14E-02,9.20E-01
1039,8.59E-02,7.81E-03,3.98E-01,7.81E-03,7.81E-03,1.64E-01,3.20E-01,7.81E-03
1040,3.57E-02,3.57E-02,3.57E-02,3.57E-02,3.57E-02,3.57E-02,3.57E-02,7.50E-01
1041,1.62E-01,1.47E-02,4.56E-01,3.09E-01,1.47E-02,1.47E-02,1.47E-02,1.47E-02
1042,6.76E-03,6.76E-03,6.76E-03,8.18E-01,6.76E-03,6.76E-03,6.76E-03,1.42E-01
1043,5.56E-02,5.56E-02,5.56E-02,6.11E-01,5.56E-02,5.56E-02,5.56E-02,5.56E-02
1044,6.76E-03,6.76E-03,1.42E-01,6.76E-03,6.15E-01,2.09E-01,6.76E-03,6.76E-03
1045,2.63E-02,2.63E-02,2.63E-02,2.63E-02,8.16E-01,2.63E-02,2.63E-02,2.63E-02
1046,4.37E-01,2.08E-02,2.08E-02,2.08E-02,2.29E-01,2.29E-01,2.08E-02,2.08E-02
1047,1.62E-01,1.47E-02,1.62E-01,1.47E-02,4.56E-01,1.47E-02,1.47E-02,1.62E-01
1048,1.28E-02,1.28E-02,1.28E-02,1.28E-02,1.28E-02,1.28E-02,9.10E-01,1.28E-02
1049,1.72E-02,1.72E-02,1.72E-02,8.79E-01,1.72E-02,1.72E-02,1.72E-02,1.72E-02
1050,8.54E-01,2.08E-02,2.08E-02,2.08E-02,2.08E-02,2.08E-02,2.08E-02,2.08E-02
1051,5.56E-02,5.56E-02,5.56E-02,5.56E-02,5.56E-02,5.56E-02,5.56E-02,6.11E-01
1052,1.72E-02,1.72E-02,1.72E-02,8.79E-01,1.72E-02,1.72E-02,1.72E-02,1.72E-02
1053,1.72E-02,1.72E-02,1.72E-02,7.07E-01,1.90E-01,1.72E-02,1.72E-02,1.72E-02
1054,2.63E-02,2.63E-02,2.63E-02,2.63E-02,8.16E-01,2.63E-02,2.63E-02,2.63E-02
1055,3.57E-02,3.57E-02,7.50E-01,3.57E-02,3.57E-02,3.57E-02,3.57E-02,3.57E-02
1056,7.25E-03,7.25E-03,9.49E-01,7.25E-03,7.25E-03,7.25E-03,7.25E-03,7.25E-03
1057,3.57E-02,3.57E-02,3.57E-02,3.57E-02,3.57E-02,3.57E-02,7.50E-01,3.57E-02
1058,2.63E-02,2.63E-02,2.63E-02,2.63E-02,2.63E-02,2.89E-01,2.63E-02,5.53E-01
1059,1.47E-02,1.47E-02,1.47E-02,1.47E-02,1.47E-02,6.03E-01,3.09E-01,1.47E-02
1060,2.63E-02,2.63E-02,2.63E-02,2.63E-02,2.63E-02,5.53E-01,2.89E-01,2.63E-02
1061,2.63E-02,2.63E-02,2.63E-02,2.63E-02,2.89E-01,2.63E-02,2.63E-02,5.53E-01
1062,5.56E-02,5.56E-02,5.56E-02,5.56E-02,5.56E-02,5.56E-02,6.11E-01,5.56E-02
1063,2.87E-03,2.87E-03,1.18E-01,2.33E-01,3.19E-01,2.87E-03,2.04E-01,1.18E-01
1064,3.93E-01,3.57E-02,3.57E-02,3.57E-02,3.57E-02,3.57E-02,3.93E-01,3.57E-02
1065,9.32E-01,1.19E-03,1.19E-03,1.19E-03,2.51E-02,1.19E-03,3.70E-02,1.19E-03
1066,5.56E-02,5.56E-02,6.11E-01,5.56E-02,5.56E-02,5.56E-02,5.56E-02,5.56E-02
1067,5.56E-02,5.56E-02,6.11E-01,5.56E-02,5.56E-02,5.56E-02,5.56E-02,5.56E-02
1068,2.63E-02,2.63E-02,2.63E-02,2.63E-02,8.16E-01,2.63E-02,2.63E-02,2.63E-02
1069,2.63E-02,2.63E-02,2.63E-02,2.63E-02,8.16E-01,2.63E-02,2.63E-02,2.63E-02
1070,2.08E-02,2.29E-01,2.08E-02,2.08E-02,2.08E-02,2.08E-02,6.46E-01,2.08E-02
1071,2.63E-02,2.63E-02,2.63E-02,2.63E-02,2.63E-02,2.63E-02,2.63E-02,8.16E-01
1072,2.63E-02,2.63E-02,2.63E-02,2.89E-01,2.89E-01,2.89E-01,2.63E-02,2.63E-02
1073,2.08E-02,2.08E-02,2.08E-02,2.08E-02,2.08E-02,2.08E-02,2.08E-02,8.54E-01
1074,3.57E-02,3.57E-02,3.57E-02,3.57E-02,3.57E-02,7.50E-01,3.57E-02,3.57E-02
1075,1.47E-02,7.50E-01,1.62E-01,1.47E-02,1.47E-02,1.47E-02,1.47E-02,1.47E-02
1076,1.72E-02,5.34E-01,1.72E-02,1.72E-02,1.72E-02,1.72E-02,3.62E-01,1.72E-02
1077,6.03E-01,1.47E-02,1.47E-02,1.62E-01,1.47E-02,1.47E-02,1.62E-01,1.47E-02
1078,2.08E-02,2.08E-02,2.08E-02,8.54E-01,2.08E-02,2.08E-02,2.08E-02,2.08E-02
1079,1.02E-02,2.14E-01,6.22E-01,1.12E-01,1.02E-02,1.02E-02,1.02E-02,1.02E-02
1080,9.10E-01,1.28E-02,1.28E-02,1.28E-02,1.28E-02,1.28E-02,1.28E-02,1.28E-02
1081,2.08E-02,2.08E-02,2.08E-02,6.46E-01,2.08E-02,2.08E-02,2.29E-01,2.08E-02
1082,1.80E-01,4.39E-03,4.39E-03,2.68E-01,4.39E-03,4.39E-03,1.36E-01,3.99E-01
1083,1.25E-01,1.25E-01,1.25E-01,1.25E-01,1.25E-01,1.25E-01,1.25E-01,1.25E-01
1084,1.25E-01,1.25E-01,1.25E-01,1.25E-01,1.25E-01,1.25E-01,1.25E-01,1.25E-01
1085,2.63E-02,2.89E-01,5.53E-01,2.63E-02,2.63E-02,2.63E-02,2.63E-02,2.63E-02
1086,5.56E-02,5.56E-02,5.56E-02,5.56E-02,5.56E-02,5.56E-02,5.56E-02,6.11E-01
1087,2.96E-03,5.36E-01,3.25E-02,2.99E-01,2.96E-03,2.96E-03,1.21E-01,2.96E-03
1088,3.57E-02,3.57E-02,3.57E-02,3.57E-02,3.57E-02,3.93E-01,3.57E-02,3.93E-01
1089,3.57E-02,3.93E-01,3.57E-02,3.57E-02,3.57E-02,3.93E-01,3.57E-02,3.57E-02
1090,5.56E-02,5.56E-02,5.56E-02,6.11E-01,5.56E-02,5.56E-02,5.56E-02,5.56E-02
1091,1.72E-02,1.72E-02,1.72E-02,1.72E-02,1.72E-02,7.07E-01,1.72E-02,1.90E-01
1092,2.08E-02,2.08E-02,6.46E-01,2.08E-02,2.08E-02,2.08E-02,2.29E-01,2.08E-02
1093,2.08E-02,6.46E-01,2.08E-02,2.08E-02,2.08E-02,2.08E-02,2.08E-02,2.29E-01
1094,1.90E-01,1.90E-01,1.72E-02,3.62E-01,1.72E-02,1.90E-01,1.72E-02,1.72E-02
1095,1.72E-02,1.72E-02,1.72E-02,7.07E-01,1.72E-02,1.72E-02,1.90E-01,1.72E-02
1096,3.57E-02,3.57E-02,3.57E-02,3.93E-01,3.57E-02,3.57E-02,3.57E-02,3.93E-01
1097,9.26E-03,3.80E-01,9.26E-03,9.26E-03,9.26E-03,1.02E-01,4.72E-01,9.26E-03
1098,2.63E-02,2.63E-02,8.16E-01,2.63E-02,2.63E-02,2.63E-02,2.63E-02,2.63E-02
1099,1.72E-02,3.62E-01,5.34E-01,1.72E-02,1.72E-02,1.72E-02,1.72E-02,1.72E-02
1100,1.14E-02,1.14E-02,3.52E-01,1.14E-02,1.14E-02,5.80E-01,1.14E-02,1.14E-02
1101,1.62E-01,1.47E-02,1.47E-02,7.50E-01,1.47E-02,1.47E-02,1.47E-02,1.47E-02
1102,1.47E-02,1.47E-02,3.09E-01,4.56E-01,1.62E-01,1.47E-02,1.47E-02,1.47E-02
1103,2.08E-02,2.08E-02,2.08E-02,2.08E-02,4.37E-01,2.08E-02,2.08E-02,4.37E-01
1104,3.93E-01,3.57E-02,3.57E-02,3.57E-02,3.57E-02,3.57E-02,3.57E-02,3.93E-01
1105,3.57E-02,3.57E-02,3.57E-02,3.57E-02,3.57E-02,3.57E-02,3.57E-02,7.50E-01
1106,1.72E-02,1.72E-02,1.72E-02,1.72E-02,1.72E-02,5.34E-01,1.90E-01,1.90E-01
1107,6.76E-03,7.43E-02,7.43E-02,2.77E-01,4.80E-01,6.76E-03,7.43E-02,6.76E-03
1108,5.56E-02,5.56E-02,6.11E-01,5.56E-02,5.56E-02,5.56E-02,5.56E-02,5.56E-02
1109,2.63E-02,2.63E-02,2.63E-02,2.89E-01,2.63E-02,5.53E-01,2.63E-02,2.63E-02
1110,1.28E-02,1.28E-02,2.69E-01,2.69E-01,1.28E-02,1.28E-02,1.28E-02,3.97E-01
1111,1.90E-01,1.90E-01,1.72E-02,1.72E-02,1.72E-02,5.34E-01,1.72E-02,1.72E-02
1112,2.08E-02,2.08E-02,2.08E-02,2.29E-01,2.08E-02,2.08E-02,2.08E-02,6.46E-01
1113,7.07E-01,1.72E-02,1.72E-02,1.90E-01,1.72E-02,1.72E-02,1.72E-02,1.72E-02
1114,3.02E-01,3.73E-03,2.65E-01,2.65E-01,3.73E-03,1.53E-01,3.73E-03,3.73E-03
1115,2.08E-02,2.29E-01,2.29E-01,4.37E-01,2.08E-02,2.08E-02,2.08E-02,2.08E-02
1116,5.95E-03,5.42E-01,5.95E-03,5.95E-03,5.95E-03,1.25E-01,5.95E-03,3.04E-01
1117,5.56E-02,5.56E-02,5.56E-02,5.56E-02,5.56E-02,6.11E-01,5.56E-02,5.56E-02
1118,7.81E-03,5.55E-01,7.81E-03,7.81E-03,7.81E-03,7.81E-03,7.81E-03,3.98E-01
1119,2.39E-01,1.25E-01,1.14E-02,1.14E-02,1.14E-02,1.14E-02,4.66E-01,1.25E-01
1120,8.04E-01,7.25E-03,7.25E-03,7.25E-03,7.25E-03,1.52E-01,7.25E-03,7.25E-03
1121,2.63E-02,2.63E-02,2.63E-02,2.63E-02,2.63E-02,2.63E-02,2.63E-02,8.16E-01
1122,6.03E-01,1.47E-02,1.47E-02,1.47E-02,1.47E-02,3.09E-01,1.47E-02,1.47E-02
1123,5.56E-02,5.56E-02,5.56E-02,5.56E-02,6.11E-01,5.56E-02,5.56E-02,5.56E-02
1124,1.28E-02,1.28E-02,1.41E-01,1.28E-02,1.28E-02,1.28E-02,7.82E-01,1.28E-02
1125,3.57E-02,3.57E-02,3.57E-02,3.93E-01,3.93E-01,3.57E-02,3.57E-02,3.57E-02
1126,2.08E-02,2.08E-02,2.08E-02,2.08E-02,2.08E-02,2.08E-02,8.54E-01,2.08E-02
1127,6.82E-01,1.42E-01,6.76E-03,6.76E-03,1.42E-01,6.76E-03,6.76E-03,6.76E-03
1128,1.02E-02,6.22E-01,1.02E-02,2.14E-01,1.02E-02,1.02E-02,1.12E-01,1.02E-02
1129,1.72E-02,1.72E-02,1.72E-02,8.79E-01,1.72E-02,1.72E-02,1.72E-02,1.72E-02
1130,5.05E-03,3.08E-01,5.56E-02,1.06E-01,5.10E-01,5.05E-03,5.05E-03,5.05E-03
1131,2.63E-02,2.63E-02,2.63E-02,2.63E-02,8.16E-01,2.63E-02,2.63E-02,2.63E-02
1132,4.20E-03,4.24E-01,1.30E-01,8.82E-02,3.40E-01,4.20E-03,4.20E-03,4.20E-03
1133,7.25E-03,2.25E-01,7.25E-03,7.25E-03,3.70E-01,7.25E-03,3.70E-01,7.25E-03
1134,1.14E-02,1.14E-02,1.14E-02,4.66E-01,1.14E-02,1.14E-02,1.14E-02,4.66E-01
1135,7.81E-03,7.81E-03,7.81E-03,6.33E-01,7.81E-03,7.81E-03,7.81E-03,3.20E-01
1136,8.47E-03,8.47E-03,8.47E-03,1.78E-01,2.63E-01,8.47E-03,8.47E-03,5.17E-01
1137,5.95E-03,5.95E-03,5.95E-03,5.95E-03,4.82E-01,5.95E-03,5.95E-03,4.82E-01
1138,3.40E-01,1.72E-01,2.98E-01,4.20E-03,4.20E-03,4.20E-03,8.82E-02,8.82E-02
1139,1.47E-02,3.09E-01,1.47E-02,6.03E-01,1.47E-02,1.47E-02,1.47E-02,1.47E-02
1140,3.36E-03,6.07E-01,3.36E-03,3.69E-02,1.04E-01,1.71E-01,7.05E-02,3.36E-03
1141,9.26E-03,1.94E-01,9.26E-03,9.26E-03,9.26E-03,6.57E-01,9.26E-03,1.02E-01
